-- phpMyAdmin SQL Dump
-- version 5.0.2
-- https://www.phpmyadmin.net/
--
-- Хост: localhost
-- Время создания: Дек 03 2020 г., 17:58
-- Версия сервера: 5.7.27-30
-- Версия PHP: 7.1.30

SET SQL_MODE = "NO_AUTO_VALUE_ON_ZERO";
START TRANSACTION;
SET time_zone = "+00:00";


/*!40101 SET @OLD_CHARACTER_SET_CLIENT=@@CHARACTER_SET_CLIENT */;
/*!40101 SET @OLD_CHARACTER_SET_RESULTS=@@CHARACTER_SET_RESULTS */;
/*!40101 SET @OLD_COLLATION_CONNECTION=@@COLLATION_CONNECTION */;
/*!40101 SET NAMES utf8mb4 */;

--
-- База данных: `u0860595_it_corp`
--

-- --------------------------------------------------------

--
-- Структура таблицы `acts_of_completion`
--

CREATE TABLE `acts_of_completion` (
  `id` int(10) UNSIGNED NOT NULL,
  `date` datetime DEFAULT CURRENT_TIMESTAMP,
  `scan` varchar(45) DEFAULT NULL
) ENGINE=InnoDB DEFAULT CHARSET=utf8;

--
-- Дамп данных таблицы `acts_of_completion`
--

INSERT INTO `acts_of_completion` (`id`, `date`, `scan`) VALUES
(1, '2016-12-15 00:00:00', 'complete1.png'),
(2, '2020-12-07 15:23:14', 'complete2.png'),
(3, '2016-01-20 00:00:00', 'complete3.png'),
(4, '2020-08-11 00:00:00', 'complete4.png'),
(6, '2020-11-18 23:28:18', 'complete5.png'),
(7, '2020-11-18 23:42:37', 'complete5.png'),
(8, '2016-12-15 00:00:00', 'complete6.png'),
(9, '2020-12-16 15:23:26', 'complete7.png'),
(10, '2016-01-20 00:00:00', 'complete8.png'),
(11, '2020-08-11 00:00:00', 'complete9.png'),
(12, '2016-12-15 00:00:00', 'complete10.png'),
(13, '2020-12-08 15:23:19', 'complete11.png'),
(14, '2016-01-20 00:00:00', 'complete12.png'),
(15, '2020-08-11 00:00:00', 'complete13.png'),
(16, '2016-12-15 00:00:00', 'complete14.png'),
(17, '2020-12-02 15:23:03', 'complete15.png'),
(18, '2016-01-20 00:00:00', 'complete16.png'),
(19, '2020-08-11 00:00:00', 'complete17.png'),
(20, '2016-12-15 00:00:00', 'complete18.png'),
(21, '2020-12-17 15:23:22', 'complete19.png'),
(22, '2016-01-20 00:00:00', 'complete20.png'),
(23, '2020-08-11 00:00:00', 'complete21.png'),
(24, '2016-01-20 00:00:00', 'complete22.png'),
(25, '2020-08-11 00:00:00', 'complete23.png'),
(26, '2016-12-15 00:00:00', 'complete24.png'),
(27, '2020-12-15 15:23:35', 'complete25.png'),
(28, '2016-01-20 00:00:00', 'complete26.png'),
(29, '2020-08-11 00:00:00', 'complete27.png'),
(30, '2016-12-15 00:00:00', 'complete28.png'),
(31, '2020-12-16 15:23:33', 'complete29.png'),
(32, '2016-01-20 00:00:00', 'complete30.png'),
(33, '2020-08-11 00:00:00', 'complete31.png');

-- --------------------------------------------------------

--
-- Структура таблицы `categories`
--

CREATE TABLE `categories` (
  `id` int(10) UNSIGNED NOT NULL,
  `name` varchar(45) DEFAULT NULL,
  `parent_id` int(10) UNSIGNED DEFAULT NULL
) ENGINE=InnoDB DEFAULT CHARSET=utf8;

--
-- Дамп данных таблицы `categories`
--

INSERT INTO `categories` (`id`, `name`, `parent_id`) VALUES
(1, 'Web-сайт', NULL),
(2, 'Интернет-магазин', 1),
(3, 'Лэндинг', 1),
(4, 'Блог', 1),
(5, 'Android приложение', NULL),
(6, 'IOS приложение', NULL),
(7, 'Приложения для ПК', NULL),
(8, 'CRM', 7),
(9, 'Текстовый редактор', 7),
(10, 'Соц. сеть', 2),
(11, 'Доска объявлений', 1),
(12, 'Мессенджер', 7),
(20, 'тест подкатегория уровень 1', NULL);

-- --------------------------------------------------------

--
-- Структура таблицы `customers`
--

CREATE TABLE `customers` (
  `id` int(10) UNSIGNED NOT NULL,
  `name` varchar(45) DEFAULT NULL,
  `address` varchar(100) DEFAULT NULL,
  `phone` varchar(20) DEFAULT NULL
) ENGINE=InnoDB DEFAULT CHARSET=utf8;

--
-- Дамп данных таблицы `customers`
--

INSERT INTO `customers` (`id`, `name`, `address`, `phone`) VALUES
(1, 'Google', 'США: Маунтин-Вью, Калифорния', '8 888 888 88 88'),
(2, 'Microsoft', 'Редмонд, Вашингтон, США', '7 777 777 77 77'),
(3, 'Яндекс', 'Москва', '8 (800) 250-96-'),
(4, 'Иванов Иван Иванович', 'г. Омск, ул. Пушкина', '89620527000'),
(5, ' Иванов Иван Эдуардович', 'Рязанская область, р-н Московский, Рязань, Московский район, район Приокский, Октябрьская улица, 12', '89521278478'),
(6, 'Юлина Екатерина Юрьевна', 'г. Волгоград, Советский р-н, ул. Неприезжайтесюдайная, д. 9', '922-218-36-50'),
(7, 'Бирюлина Ольга Владимировна', '12-й пр. Марьиной Рощи, 9, Москва, 127521', '89129165770'),
(8, 'Панкова Ирина Петровна', 'г. Новый Урегной, УЛ Геологоразведчиков, д. 2А, кв 112', '89220503989'),
(9, 'Батухтина Наталья Михайловна', 'г. Курган, ул. Савельева, д. 31, кв. 78', '89195858928'),
(10, 'Сипкин Вадим Владиславович', 'ул. Маршала Катукова, 20D, Москва, 123592', '89028200913'),
(11, 'МАЛЬЦЕВА НАТАЛЬЯ ЮРЬЕВНА', '620000 ОБЛ СВЕРДЛОВСКАЯ   Г ЕКАТЕРИНБУРГ   УЛ ЦИОЛКОВСКОГО д. 29 кв. 574', '9221091076'),
(12, 'КОРНИЛОВА НАТАЛЬЯ АНДРЕЕВНА', '693000 ОБЛ САХАЛИНСКАЯ   Г ЕКАТЕРИНБУРГ   УЛ ЧЕРКАНСКАЯ д. 9 корп. 1', '9222144141'),
(13, 'ОПРОКИДНЕВА ТАТЬЯНА ОЛЕГОВНА', '450000 РЕСП БАШКОРТОСТАН     Г УФА УЛ НОВОЖЕНОВА д. 86А', '9273401065'),
(14, 'ЛЫТАЕВА РОЗА РАШИТОВНА', '620000 ОБЛ СВЕРДЛОВСКАЯ   Г ЕКАТЕРИНБУРГ   ПЕР КРАСНЫЙ д. 6', '9193967615'),
(15, 'АКАТЬЕВ ИГОРЬ ГЕННАДЬЕВИЧ', '450000 ОБЛ ТЮМЕНСКАЯ   Г МУРАВЛЕНКО   УЛ МИРА д. 1', '9220554189'),
(16, 'АПАТИН ДМИТРИЙ ГЕННАДЬЕВИЧ', '641000 ОБЛ КУРГАНСКАЯ   Г КУРГАН   УЛ ЛЕНИНА д. 27 кв. 45', '9120649485'),
(17, 'ЕФРЕМОВА ОЛЬГА АЛЕКСАНДРОВНА', '454000 ОБЛ ЧЕЛЯБИНСКАЯ   Г ЧЕЛЯБИНСК   УЛ ДОВАТОРА д. 29', '9507378048'),
(18, 'САРАЕВ АРТЕМ АЛЕКСАНДРОВИЧ', '620000 ОБЛ СВЕРДЛОВСКАЯ Р-Н КАМЕНСКИЙ   С ТРАВЯНСКОЕ УЛ ВОРОШИЛОВА д. 18 кв. 9', '9089246783'),
(19, 'АБСАЛЯМОВА НАТАЛЬЯ ВАЛЕРЬЕВНА', '453300 ОБЛ РБ Р-Н КУЮРГАЗИНСКИЙ Г КУМЕРТАУ НП КУМЕРТАУ УЛ НОВОЗАРИНСКАЯ д. 15 корп. А', '9603847750'),
(20, 'ТИМСКАЯ ДАРЬЯ СЕРГЕЕВНА', '450000 РЕСП БАШКОРТОСТАН   Г УФА   УЛ КУВЫКИНА д. 4', '79872562235'),
(21, 'БЕГИЧЕВА КРИСТИНА ВЛАДИМИРОВНА', '620000 ОБЛ СВЕРДЛОВСКАЯ   Г ЕКАТЕРИНБУРГ   УЛ КОСМОНАВТОВ д. 54', '9097044156'),
(22, 'ДЕГТЯРЕВА ИРИНА НИКОЛАЕВНА', '454000 ОБЛ ЧЕЛЯБИНСКАЯ   Г ЧЕЛЯБИНСК   ПР-КТ ПОБЕДЫ д. 215 офис 6', '+7 (999) 5852910'),
(23, 'ЗИЯТДИНОВ ОЛЕГ РАФАЭЛЬЕВИЧ', '450000 РЕСП БАШКОРТОСТАН   Г УФА   УЛ - д. -', '9771744640'),
(24, 'ПОДОЛЬСКАЯ МАРИЯ ВЯЧЕСЛАВОВНА', '620000 ОБЛ СВЕРДЛОВСКАЯ   Г ЕКАТЕРИНБУРГ   УЛ КРЕСТИНСКОГО д. 59 корп. 1', '9049806639'),
(25, 'ГАВРИЛОВ СЕРГЕЙ АНАТОЛЬЕВИЧ', '453430 РЕСП БАШКОРТОСТАН   Г БЛАГОВЕЩЕНСК   УЛ СЕДОВА д. 1', '9371624546'),
(26, 'ФИЛЮТИН МАКСИМ ПЕТРОВИЧ', '620017 ОБЛ СВЕРДЛОВСКАЯ   Г ЕКАТЕРИНБУРГ   УЛ ФРОНТОВЫХ БРИГАД д. 18', '9089275433'),
(27, 'КАЮМОВА ЛАРИСА ЮРЬЕВНА', '623100 ОБЛ СВЕРДЛОВСКАЯ   Г ПЕРВОУРАЛЬСК   УЛ МЕТАЛЛУРГОВ д. 3А', '9086348424'),
(28, 'ГАРТВИК ЮЛИЯ АНАТОЛЬЕВНА', '625000 ОБЛ ТЮМЕНСКАЯ   Г ТЮМЕНЬ   УЛ ПЕРМЯКОВА д. 50Б', '9199304574'),
(29, 'ВОРОТЫНЕЦ КАРИНА ПАВЛОВНА', '628400 ОБЛ ТЮМЕНСКАЯ   Г СУРГУТ   УЛ БАХИЛОВА д. 5', '9821936826'),
(30, 'ВОРФОЛОМЕЕВ АЛЕКСАНДР НИКОЛАЕВИЧ', '628400 ОБЛ ТЮМЕНСКАЯ   Г СУРГУТ   УЛ ЛЕНИНА д. 75', '9227711048'),
(31, 'РОМАНОВА МАРИНА ВИКТОРОВНА', '628433 ОБЛ ТЮМЕНСКАЯ Р-Н СУРГУТ Г СУРГУТ П БЕЛЫЙ ЯР УЛ ШУКШИНА д. 5', '9097083225'),
(32, 'ГАЛЕЕВ ЗИНУР РЯЗАПОВИЧ', '450000 РЕСП БАШКОРТОСТАН   Г УФА   УЛ ЧЕКМАГУШЕВСКАЯ д. 1А', '9174844471'),
(33, 'ГАЛИМОВ РАЛИФ НАЗИПОВИЧ', '450000 РЕСП БАШКОРТОСТАН   Г УФА   УЛ БЕССОНОВА д. 2', '9276378094'),
(34, 'ХАМИДУЛЛИНА ВЕНЕРА ФАНИЛОВНА', '450000 РЕСП БАШКОРТОСТАН   Г УФА   УЛ БЕССОНОВА д. 2', '9177507956'),
(35, 'ЛАВРОВА РЕГИНА ФАРИТОВНА', '450000 РЕСП БАШКОРТОСТАН   Г УФА   УЛ ЧЕКМАГУШЕВСКАЯ д. 1А', '9273308192'),
(36, 'ПЛОТНИКОВА ИРИНА АЛЕКСАНДРОВНА', '454000 ОБЛ ЧЕЛЯБИНСКАЯ   Г ЧЕЛЯБИНСК   УЛ БЛЮХЕРА д. 69А', '9000298888'),
(37, 'АЛИАКБАРОВ РУСЛАН РИНАТОВИЧ', '628400 ОБЛ ТЮМЕНСКАЯ АО ХМАО-ЮГРА Г СУРГУТ     д. 0', '9822187570'),
(38, 'РОМАШКИНА ЕВГЕНИЯ АЛЕКСЕЕВНА', '625000 ОБЛ ТЮМЕНСКАЯ   Г ТЮМЕНЬ   УЛ 50 ЛЕТ ОКТЯБРЯ д. 23 корп. 1', '9058579900'),
(39, 'МАГОМЕДОВА КЛЯНАТ МАГОМЕДОВНА', '628383 ОБЛ ТЮМЕНСКАЯ   Г ПЫТЬ-ЯХ   УЛ ЦЕНТРАЛЬНАЯ д. 17 стр. А', '9324193471'),
(40, 'РУДАКОВ ВЯЧЕСЛАВ ЕВГЕНЬЕВИЧ', '625000 ОБЛ ТУЛЬСКАЯ   Г ТЮМЕНЬ   УЛ Д БЕДНОГО д. 96 стр. 14', '9829425448'),
(41, 'КАЩИНА ЛАРИСА АНАТОЛЬЕВНА', '628126 ОБЛ ТЮМЕНСКАЯ Р-Н ОКТЯБРЬСКИЙ   ПГТ ПРИОБЬЕ УЛ ПОРТОВАЯ д. 12', '9048840623'),
(42, 'ВЫРЛАН СЕРГЕЙ ИВАНОВИЧ', '628400 ОБЛ ТЮМЕНСКАЯ   Г СУРГУТ   Ш НЕФТНЕЮГАНСКОЕ д. 56', '9519688466'),
(43, 'ГАПАНЮК АЛЕКСАНДР ЛЕОНИДОВИЧ', '628400 ОБЛ ТЮМЕНСКАЯ   Г СУРГУТ   УЛ Г.КУКУЕВИЦКОГО стр. 1 корп. 1', '9227713742'),
(44, 'КАРПОВА ЛЮДМИЛА ВИКТОРОВНА', '450000 РЕСП БАШКОРТОСТАН   Г УФА   УЛ БЕССОНОВА д. 2', '9174787232'),
(45, 'СОЛОВЬЕВА НАТАЛЬЯ НИКОЛАЕВНА', '450000 РЕСП БАШКОРТОСТАН   Г УФА   УЛ БЕССОНОВА д. 2', '9272325277'),
(46, 'ВАЛИШИНА АЛЬБИНА РАМИЛЬЕВНА', '450000 РЕСП БАШКОРТОСТАН   Г УФА   УЛ ЧЕКМАГУШЕВСКАЯ д. 1А', '9174068696'),
(47, 'КРАВЧЕНКО ВИКТОР ДМИТРИЕВИЧ', '450000 РЕСП БАШКОРТОСТАН   Г УФА   УЛ БЕССОНОВА д. 2', '9174422683'),
(48, 'ПРИКАЗЧИКОВ ИЛЬЯ АЛЕКСЕЕВИЧ', '625000 ОБЛ ТЮМЕНСКАЯ АО ХМАО Г УРАЙ   ПРОЕЗД ПРОМЗОНА д. 6', '9222577282'),
(49, 'ГАЛИМЯНОВ РУСЛАН ФИДАГИЕВИЧ', '628285 ОБЛ ТЮМЕНСКАЯ     Г УРАЙ УЛ БРУСНИЧНАЯ д. 2', '9088966612'),
(50, 'СКЛЮЕВА ЕКАТЕРИНА СЕРГЕЕВНА', '625000 ОБЛ ТЮМЕНСКАЯ   Г ТЮМЕНЬ   УЛ МАЛЫГИНА д. 49', '9199469423'),
(51, 'КУРБАТОВ МИХАИЛ АЛЕКСАНДРОВИЧ', '628484 АО ХАНТЫ-МАНСИЙСКИЙ   Г КОГАЛЫМ   УЛ ПРИБАЛТИЙСКАЯ д. 20', '+7 (932) 4122700'),
(52, 'ХУЗИНА АННА АЛЕКСАНДРОВНА', '628600 АО ХАНТЫ-МАНСИЙСКИЙ   Г НИЖНЕВАРТОВСК   УЛ МИРА д. 25 корп. 12', '9825386936'),
(53, 'ЯГАФАРОВ ХАНИФ ХАТМУЛЛОВИЧ', '450000 РЕСП БАШКОРТОСТАН   Г УФА   УЛ БЕССОНОВА д. 2', '9373519966'),
(54, 'НУГАЕВА ТАТЬЯНА ПЕТРОВНА', '450000 РЕСП БАШКОРТОСТАН   Г УФА   УЛ ЧЕКМАГУШЕВСКАЯ д. 1А', '+7 (927) 3029310'),
(55, 'БИЗЯЕВА АНАСТАСИЯ СЕРГЕЕВНА', '620000 ОБЛ СВЕРДЛОВСКАЯ   Г ЕКАТЕРИНБУРГ   УЛ ЧЕЛЮСКИНЦЕВ д. 11', '9220287585'),
(56, 'ПЕРМЯКОВ АЛЕКСАНДР ЮРЬЕВИЧ', '454000 ОБЛ ЧЕЛЯБИНСКАЯ   Г ЧЕЛЯБИНСК   УЛ НОВОРОССИЙСКАЯ д. 2А', '9518046520'),
(57, 'ХАНОВА ГУЛЬНАЗ ЗАЙКАТОВНА', '450000 РЕСП БАШКОРТОСТАН   Г НЕФТЕКАМСК   ПР-КТ ЮБИЛЕЙНЫЙ д. 6', '9869664580'),
(58, 'ЧУПАНОВ ДМИТРИЙ ПЕТРОВИЧ', '629300 ОБЛ ТЮМЕНСКАЯ   Г НОВЫЙ УРЕНГОЙ   УЛ ПРОМЫШЛЕННАЯ д. 10', '9127339284'),
(59, 'ЮСУПОВА АЛЬБИНА АБДУЛЛАЕВНА', '629300 ОБЛ ТЮМЕНСКАЯ АО ЯНАО Г НОВЫЙ УРЕНГОЙ   МКР ОПТИМИСТОВ д. 11 корп. 2', '9220983667'),
(60, 'ДЕЕВ СЕРГЕЙ ИВАНОВИЧ', '628100 ОБЛ ТЮМЕНСКАЯ Р-Н ОКТЯБРЬСКИЙ   ПГТ ОКТЯБРЬСКОЕ ПЕР БОЛЬНИЧНЫЙ д. 16 стр. А1', '9519761825'),
(61, 'ЗУБАРЕВ СЕРГЕЙ АЛЕКСЕЕВИЧ', '627750 ОБЛ ТЮМЕНСКАЯ   Г ИШИМ   УЛ РЕСПУБЛИКИ д. 74 корп. 2', '9199362091'),
(62, 'ШИПОВСКАЯ ОЛЬГА ВЛАДИМИРОВНА', '454000 ОБЛ ЧЕЛЯБИНСКАЯ   Г ЧЕЛЯБИНСК   УЛ СВОБОДЫ д. 62', '9049716032'),
(63, 'ПАСМАКИНА ЛАРИСА ВИКТОРОВНА', '454091 ОБЛ ЧЕЛЯБИНСКАЯ   Г ЧЕЛЯБИНСК   УЛ ЦВИЛЛИНГА д. 25', '9525163376'),
(64, 'ПЕРЕСКОКОВА ТАТЬЯНА ПАВЛОВНА', '623100 ОБЛ СВЕРДЛОВСКАЯ   Г ПЕРВОУРАЛЬСК   УЛ МЕТАЛЛУРГОВ д. 3 А', '9630531378'),
(65, 'ПИЧУЖКИНА ОЛЬГА ЛЕОНИДОВНА', '456620 ОБЛ ЧЕЛЯБИНСКАЯ   Г КОПЕЙСК   П СОВЕТОВ д. 1/1', '+7 (919) 3309525'),
(66, 'ПОЛЕЖАЕВА СВЕТЛАНА КОНДРАТЬЕВНА', '627750 ОБЛ ТЮМЕНСКАЯ   Г ИШИМ   УЛ МАЛАЯ САДОВАЯ д. 71', '9088710739'),
(67, 'МИРОНОВ ВЯЧЕСЛАВ ПЕТРОВИЧ', '629300 ОБЛ ТЮМЕНСКАЯ АО ЯМАЛО-НЕНЕЦКИЙ Г НОВЫЙ УРЕНГОЙ   УЛ ТАЕЖНАЯ д. 42', '9195503267'),
(68, 'ТРУХАНОВ АЛЕКСЕЙ ВИТАЛЬЕВИЧ', '629305 ОБЛ ТЮМЕНСКАЯ   Г НОВЫЙ УРЕНГОЙ   УЛ ПРОМЫСЛОВАЯ д. 9', '9091988377'),
(69, 'ОСАДЧАЯ РЕЗИДА ТАГИРОВНА', '628600 ОБЛ ТЮМЕНСКАЯ   Г НИЖНЕВАРТВОСК   УЛ СЕВЕРНАЯ д. 8Б', '9825333566'),
(70, 'ВАЛЕЕВ АХМАТЗИЯ МАНСУРОВИЧ', '450000 РЕСП БАШКОРТОСТАН   Г УФА   УЛ ЧЕКМАГУШЕВСКАЯ д. 1А', '9061080686'),
(71, 'ДОСТОВАЛОВА ДЖАМИЛЯ ХАЛИЛОВНА', '625000 ОБЛ ТЮМЕНСКАЯ   Г ТЮМЕНЬ   УЛ ПРОЕЗД ГЕОЛОГОРАЗВЕДЧИКОВ д. 14А', '9129211952'),
(72, 'СУЛТАНОВА ФАНИЯ АБДУЛЛОВНА', '453830 РЕСП БАШКОРТОСТАН   Г СИБАЙ   ПР-КТ ГОРНЯКОВ д. 63 кв. 15', '9373583320'),
(73, 'ГАЛЯЗОВ ФАТИХ САГИТДЕЕВИЧ', '454000 ОБЛ ЧЕЛЯБИНСКАЯ   Г ВЕРХНИЙ УФАЛЕЙ   УЛ УФАЛЕЙСКАЯ д. 137', '9525053570'),
(74, 'ЖЕЛТИКОВ ВЛАДИМИР АЛЕКСАНДРОВИЧ', '454000 ОБЛ ЧЕЛЯБИНСКАЯ   Г ВЕРХНИЙ УФАЛЕЙ   УЛ ЛЕНИНА д. 176 кв. 3', '9123208373'),
(75, 'САВОСТИН СТАНИСЛАВ АЛЕКСАНДРОВИЧ', '454000 ОБЛ ЧЕЛЯБИНСКАЯ   Г ЧЕЛЯБИНСК   ПР-КТ КОМСОМОЛЬСКИЙ д. 90', '9000643833'),
(76, 'НЕХАЕНКО ЛАРИСА ИВАНОВНА', '454000 ОБЛ ЧЕЛЯБИНСКАЯ   Г ЧЕЛЯБИНСК   УЛ ТРУДА д. 187', '9048131656'),
(77, 'ВАЛЕЕВ САЛАВАТ ХАЙРУЛЛОВИЧ', '450000 РЕСП БАШКОРТОСТАН   Г УЧАЛЫ   УЛ ГОРНОЗАВОДСКАЯ д. 26 стр. А', '9279571571'),
(78, 'КОРЮКОВА АНАСТАСИЯ СЕРГЕЕВНА', '620000 ОБЛ СВЕРДЛОВСКАЯ   Г НИЖНИЙ ТАГИЛ   УЛ МЕТАЛЛРУГОВ д. 1 стр. А', '9126653448'),
(79, 'РАХМАТУЛЛИН ИНСАФ МАРАТОВИЧ', '450000 РЕСП БАШКОРТОСТАН   Г САЛАВАТ   УЛ ИНДУСТРИАЛЬНАЯ д. 18', '9870481448'),
(80, 'КУЗНЕЦОВА ЕЛЕНА АЛЕКСАНДРОВНА', '620000 ОБЛ СВЕРДЛОВСКАЯ   Г ЕКАТЕРИНБУРГ   УЛ СТРЕЛОЧНИКОВ д. 2 корп. Г кв. 20', '9655160252'),
(81, 'САЙФУТДИНОВ ДИНАР РАДИКОВИЧ', '450000 РЕСП БАШКОРТОСТАН     Г УФА УЛ НОВОЖЕНОВА д. 86А', '9273422088'),
(82, 'КОЗЕЛОВА ЕЛЕНА СЕРГЕЕВНА', '450099 РЕСП БАШКОРТОСТАН Р-Н УФИМСКИЙ Г УФА   УЛ СИПАЙЛОВСКАЯ д. 11 кв. 0', '9273318221'),
(83, 'ДЕМАШКИНА АНАСТАСИЯ ДМИТРИЕВНА', '454000 ОБЛ ЧЕЛЯБИНСКАЯ   Г ЧЕЛЯБИНСК   УЛ МОЛОДОГВАРДЕЙЦЕВ д. 7', '9085801766'),
(84, 'ФАМУТДИНОВА ДИНА АНАТОЛЬЕВНА', '450000 РЕСП БАШКОРТОСТАН   Г УФА   УЛ ФЕДОРОВСКАЯ д. 12 стр. Г', '9196077583'),
(85, 'МАЦЫНА АЛЕКСАНДР НИКОЛАЕВИЧ', '454000 ОБЛ ЧЕЛЯБИНСКАЯ   Г ЧЕЛЯБИНСК   УЛ ЯБЛОЧКИНА д. 4', '9058379077'),
(86, 'ОВЧИННИКОВА ЯНА НАЖИПОВНА', '456730 ОБЛ ЧЕЛЯБИНСКАЯ Р-Н КУНАШАКСКИЙ   С КУНАШАК УЛ ЛЕНИНА д. 105', '9514695986'),
(87, 'БУЛАТОВА НАТАЛИЯ ГЕОРГИЕВНА', '454000 ОБЛ ЧЕЛЯБИНСКАЯ Р-Н СОВЕТСКИЙ Г ЧЕЛЯБИНСК Г ЧЕЛЯБИНСК УЛ ДАРВИНА д. 14 офис 202', '9514403315'),
(88, 'ИВАКИН ВЛАДИМИР ВАЛЕНТИНОВИЧ', '620000 ОБЛ СВЕРДЛОВСКАЯ   Г ЕКАТЕРИНБУРГ   УЛ ТИТОВА д. 1', '9222113443'),
(89, 'ПИСАРЕВА СВЕТЛАНА СЕРГЕЕВНА', '454000 ОБЛ ЧЕЛЯБИНСКАЯ   Г ЧЕЛЯБИНСК   УЛ БРЕСТСКАЯ д. 17', '9514406770'),
(90, 'КОПЫЛОВ АРТЕМ АНДРЕЕВИЧ', '456080 ОБЛ ЧЕЛЯБИНСКАЯ   Г ТРЕХГОРНЫЙ   УЛ ЗАРЕЧНАЯ д. 38', '9518041090'),
(91, 'ХАЙРУЛЛИН АЗАТ ГАБДУЛБАРИЕВИЧ', '450000 РЕСП БАШКОРТОСТАН   Г НЕФТЕКАМСК   УЛ ДОРОЖНАЯ д. 46', '9867093532'),
(92, 'ФАТКУЛЛИНА РУЗАЛИЯ ХАРИСОВНА', '454000 ОБЛ ЧЕЛЯБИНСКАЯ   Г ЧЕЛЯБИНСК   УЛ МОЛОДОГВАРДЕЙЦЕВ д. 2 корп. А', '9511162682'),
(93, 'КОЖЕВНИКОВА КЛАРА НАИЛОВНА', '620142 ОБЛ СВЕРДЛОВСКАЯ   Г ЕКАТЕРИНБУРГ   УЛ МАШИННАЯ д. 44 корп. 2 кв. 102', '9068005307'),
(94, 'ТУРКИН АЛЕКСАНДР СЕРГЕЕВИЧ', '620000 ОБЛ СВЕРДЛОВСКАЯ   Г ЕКАТЕРИНБУРГ   УЛ ЛОБРОЛЮБОВА д. 16 офис 717', '9827593133'),
(95, 'БАТЫРШИНА ГУЛЬШАТ ГАБДУЛЛОВНА', '620000 ОБЛ СВЕРДЛОВСКАЯ   Г ЕКАТЕРИНБУРГ   УЛ 32 ВОЕННЫЙ ГОРОДОК', '9630526292'),
(96, 'ХАМЕТКУЛОВ ИЛЬЯ РАВИЛЕВИЧ', '620000 ОБЛ СВЕРДЛОВСКАЯ   Г ПОЛЕВСКОЙ   УЛ РОЗЫ ЛЮКСЕМБУРГ д. 4', '+7 (953) 0045453'),
(97, 'АБДРАХМАНОВА ЕЛЕНА ВИКТОРОВНА', '450000 РЕСП БАШКОРТОСТАН   Г УФА   УЛ ОКТЯБРЬСКОЙ РЕВОЛЮЦИИ д. 3А', '9373453273'),
(98, 'БЕЛКИН ДМИТРИЙ БОРИСОВИЧ', '620000 ОБЛ СВЕРДЛОВСКАЯ   Г ЕКАТЕРИНБУРГ   УЛ НАЧДИВА ВАСИЛЕЬВА д. 1', '9049803026'),
(99, 'ИЛЬЯСОВ АЛЕКСАНДР БОРИСОВИЧ', '620000 ОБЛ СВЕРДЛОВСКАЯ   Г ЕКАТЕРИНБУРГ   УЛ МАЛЫШЕВА д. 5', '9826619856'),
(100, 'ЗАХАРОВА АЛЕКСАНДРА ОЛЕГОВНА', '456580 ОБЛ ЧЕЛЯБИНСКАЯ Р-Н ЕМАНЖЕЛИНСКИЙ Г ЕМАНЖЕЛИНСК   УЛ ЛЕНИНА д. 37', '9511283380'),
(101, 'КРУПЕНКО НАТАЛЬЯ НИКОЛАЕВНА', '641000 ОБЛ КУРГАНСКАЯ   Г КУРГАН   УЛ К.МЯГОТИНА д. 47', '9195667390'),
(102, 'КНЯЗЕВА СВЕТЛАНА ВЯЧЕСЛАВОВНА', '450000 РЕСП БАШКОРТОСТАН   Г УФЫ   УЛ СТ. КУВЫКИНА д. 23 кв. 36', '9174359529'),
(103, 'КИЛИН ЮРИЙ НИКОЛАЕВИЧ', '620000 ОБЛ СВЕРДЛОВСКАЯ   Г ЕКАТЕРИНБУРГ   УЛ ШЕФСКАЯ д. 2Н', '9221318588'),
(104, 'ДЕРНОВ ДМИТРИЙ АЛЕКСАНДРОВИЧ', '620000 ОБЛ СВЕРДЛОВСКАЯ   Г ЕКАТЕРИНБУРГ     офис 0', '+7 (922) 1505881'),
(105, 'КОРЯКОВА НИНА АЛЕКСЕЕВНА', '620000 ОБЛ СВЕРДЛОВСКАЯ     С МАНЧАЖ УЛ СОВЕТСКАЯ д. 58', '9533814597'),
(106, 'ЛИСИЦЫН ИВАН ГЕННАДЬЕВИЧ', '620000 ОБЛ СВЕРДЛОВСКАЯ   Г НИЖНИЙ ТАГИЛ   Ш ВОСТОЧНОЕ д. 28', '9630484985'),
(107, 'ПОПОВА НАТАЛЬЯ ЮРЬЕВНА', '620000 ОБЛ СВЕРДЛОВСКАЯ   Г ЕКАТЕРИНБУРГ   УЛ ШИШМИНСКАЯ д. 28 кв. 58', '9632758829'),
(108, 'АБДЮШЕВА АЛСУ НАИЛЕВНА', '450000 РЕСП БАШКОРТОСТАН     Г УФА УЛ ЦЮРУПЫ д. 84', '9273378633'),
(109, 'КОНЮХОВА КСЕНИЯ АНАТОЛЬЕВНА', '450000 РЕСП БАШКОРТОСТАН   Г УФА   УЛ ЛЕНИНА д. 20', '9656681568'),
(110, 'КОЗЛОВА ЕВГЕНИЯ ЕВГЕНЬЕВНА', '620000 ОБЛ СВЕРДЛОВСКАЯ   Г ЕКАТЕРИНБУРГ   УЛ СЫРОМОЛОТОВА д. 25', '9222249401'),
(111, 'ФАДЕЕВА СВЕТЛАНА ВЛАДИМИРОВНА', '456492 ОБЛ ЧЕЛЯБИНСКАЯ Р-Н УЙСКИЙ   С ЛАРИНО УЛ ОКТЯБРЬСКАЯ д. 15', '9507456485'),
(112, 'ПАТРИН ДМИТРИЙ СЕРГЕЕВИЧ', '456300 ОБЛ ЧЕЛЯБИНСКАЯ   Г МИАСС   ПР-КТ АВТОЗАВОДЦЕВ д. 15 корп. А', '9517906089'),
(113, 'НУРДАВЛЕТОВ ИЛЬФАТ ИЛЬДАРОВИЧ', '620000 ОБЛ ТЮМЕНСКАЯ   Г СУРГУТ   УЛ ИНДУСТРИАЛЬНАЯ д. 6 корп. 2', '9608004988'),
(114, 'НИКУЛИНА ИРИНА АЛЕКСАНДРОВНА', '620000 ОБЛ СВЕРДЛОВСКАЯ   Г АЛАПАЕВСК   УЛ 3 ИНТЕРНАЦИОНАЛА д. 2 стр. 1', '9122228355'),
(115, 'ХАБИРОВ РУСЛАН АЙРАТОВИЧ', '620000 ОБЛ СВЕРДЛОВСКАЯ   Г КАМЕНСК-УРАЛЬСКИЙ   УЛ АЛЮМИНИЕВАЯ д. 47', '9049835964'),
(116, 'МАКАРОВА ЕЛИЗАВЕТА ВАЛЕРЬЕВНА', '454000 ОБЛ ЧЕЛЯБИНСКАЯ   Г ЧЕЛЯБИНСК   УЛ ЭНТУЗИАСТОВ д. 11А', '+7 (951) 4447546'),
(117, 'СУЛТАНГАРЕЕВ АРТУР АЛЬБЕРТОВИЧ', '450000 РЕСП БАШКОРТОСТАН   Г УФА   УЛ КАВКАЗСКАЯ д. 17', '9991312577'),
(118, 'РЕВА ОЛЬГА СЕРГЕЕВНА', '453100 РЕСП БАШКОРТОСТАН   Г СТЕРЛИТАМАК   УЛ РАЕВСКИЙ ТРАКТ д. 1К', '9177564344'),
(119, 'ШУБИН ВАДИМ ВАЛЕРЬЕВИЧ', '620000 ОБЛ СВЕРДЛОВСКАЯ   Г ЕКАТЕРИНБУРГ   УЛ КРУПНОСОРТЩИКОВ д. 14', '9030825383'),
(120, 'АХЬЯМОВА ГУЛЬНАРА РАШИТОВНА', '450000 РЕСП БАШКОРТОСТАН   Г УФА   УЛ АЙСКАЯ д. 45 корп. 3', '9273358560'),
(121, 'АНЮШИН АЛЕКСАНДР ВАЛЕРЬЕВИЧ', '620000 ОБЛ МОСКОВСКАЯ   Г МОСКВА   ПЕР МИТИНСКИЙ д. 15', '9222223662'),
(122, 'КАНАЕВА ЕЛЕНА АЛЕКСАНДРОВНА', '454000 ОБЛ ЧЕЛЯБИНСКАЯ   Г ЧЕЛЯБИНСК   УЛ ТАРАСОВА д. 50', '9227586656'),
(123, 'СТРЕЛКОВА ГАЛИНА АЛЕКСАНДРОВНА', '623400 ОБЛ СВЕРДЛОВСКАЯ   Г КАМЕНСК-УРАЛЬСКИЙ   УЛ ЗАВОДСКАЯ д. 4', '9638557208'),
(124, 'ТИШИНА ЕЛЕНА МИХАЙЛОВНА', '454000 ОБЛ ЧЕЛЯБИНСКАЯ   Г МАГНИТОГОРСК   ПР-КТ ЛЕНИНА д. 47 офис 67', '9823000901'),
(125, 'ШВАГИНА ВАЛЕНТИНА АЛЕКСАНДРОВНА', '454000 ОБЛ ЧЕЛЯБИНСКАЯ   Г ЧЕЛЯБИНСК   УЛ ТУХАЧЕВСКОГО д. 13 кв. 132', '9514841885'),
(126, 'ДЕМИН ВИКТОР НИКОЛАЕВИЧ', '623090 ОБЛ СВЕРДЛОВСКАЯ ОБЛАСТЬ Р-Н НИЖНЕСЕРГИНСКИЙ Г НИЖНИЕ СЕРГИ   УЛ РОЗЫ ЛЮКСЕМБУРГ д. 82', '+7 (909) 0026569'),
(127, 'МОРОЗОВА ИРАИДА ПЕТРОВНА', '620000 ОБЛ СВЕРДЛОВСКАЯ   Г НИЖНИЙ ТАГИЛ   УЛ МЕТАЛЛУРГОВ д. 1', '9502063323'),
(128, 'ПРОКУРОВА ЕКАТЕРИНА СЕРГЕЕВНА', '620000 ОБЛ СВЕРДЛОВСКАЯ   Г ЕКАТЕРИНБУРГ   УЛ МАЛЫШЕВА д. 128А', '9126677933'),
(129, 'СМИРНОВА ДАРЬЯ СЕРГЕЕВНА', '454000 ОБЛ ЧЕЛЯБИНСКАЯ   Г ЧЕЛЯБИНСК   УЛ НОВОРОССИЙСКАЯ д. 46', '9220136007'),
(130, 'ГУДИН СЕРГЕЙ ЮРЬЕВИЧ', '629000 ОБЛ ТЮМЕНСКАЯ АО ЯМАЛО-НЕНЕЦКИЙ Г НОЯБРЬСК   УЛ ЛЕНИНА д. 59', '9320505000'),
(131, 'ХАЙРТДИНОВА ЭЛЬЗА ГАБТЕЛЬЗЯНОВНА', '629800 АО ЯМАЛО-НЕНЕЦКИЙ   Г НОЯБРЬСК   УЛ 60 ЛЕТ СССР д. 29А', '9195554470'),
(132, 'ХИЗБУЛЛИН ИЛЬФАТ САЛАВАТОВИЧ', '454000 ОБЛ ЧЕЛЯБИНСКАЯ   Г ВЕРХНИЙУФАЛЕЙ   УЛ 000 д. 0', '9227536376'),
(133, 'ХУДЯКОВА ЕЛЕНА АЛЕКСАНДРОВНА', '454000 ОБЛ ЧЕЛЯБИНСКАЯ   Г ВЕРХНИЙ УФАЛЕЙ   УЛ КАСЛИНСКАЯ д. 3', '9026031192'),
(134, 'СМАГИНА АННА СЕРГЕЕВНА', '450000 РЕСП БАШКОРТОСТАН   Г УФА   ПР-КТ САЛАВАТА ЮЛАЕВА д. 26', '9177878757'),
(135, 'ФАЙЗУЛИНА АНАСТАСИЯ СЕРГЕЕВНА', '640000 ОБЛ КУРГАНСКАЯ   Г КУРГАН   УЛ НЕВЕЖИНА д. 18', '9091464999'),
(136, 'СУВОРКОВА НАТАЛЬЯ ВЛАДИМИРОВНА', '623400 ОБЛ СВЕРДЛОВСКАЯ   Г КАМЕНСК-УРАЛЬСКИЙ   УЛ ТЕВОСЯНА д. 1', '9126202423'),
(137, 'ГРАЧЕВА АНЖЕЛА ГЕННАДЬЕВНА', '454000 ОБЛ ЧЕЛЯБИНСКАЯ   Г ЧЕЛЯБИНСК   УЛ БЛЮХЕРА д. 211', '9080615661'),
(138, 'ВОЛОЖАНИН ГЛЕБ ВЛАДИСЛАВОВИЧ', '620072 ОБЛ СВЕРДЛОВСКАЯ   Г ЕКАТЕРИНБУРГ   УЛ ВЛАДИМИРА ВЫСОЦКОГО д. 36', '9827396064'),
(139, 'КИЯНЕЦ ЮРИЙ ВАЛЕРЬЕВИЧ', '620000 ОБЛ СВЕРДЛОВСКАЯ   ВОЛОСТЬ НИЖНИЙ ТАГИЛ   УЛ ЮНОСТИ д. 14 стр. А', '9222222235'),
(140, 'ОМЕЛЬЯНЕНКО ЮЛИЯ ВИКТОРОВНА', '620000 ОБЛ СВЕРДЛОВСКАЯ   Г ЕКАТЕРИНБУРГ   УЛ МАШИННАЯ д. 3А офис 3', '9089086969'),
(141, 'ЗОТОВА ЯНА СЕРГЕЕВНА', '450000 РЕСП БАШКОРТОСТАН   Г УФА   УЛ СТЕПАНА КУВЫКИНА д. 16 корп. 4', '9875825695'),
(142, 'ЛУТФУЛЛИНА ГУЛЬНАЗ МУСАВИРОВНА', '450000 РЕСП БАШКОРТОСТАН Р-Н СТЕРЛИБАШЕВСКИЙ   С СТЕРЛИБАШЕВО УЛ 50 ЛЕТ ОКТЯБРЯ д. 15', '9639095364'),
(143, 'СТОРЧЕВОЙ АНДРЕЙ ВАЛЕРЬЕВИЧ', '620000 ОБЛ СВЕРДЛОВСКАЯ   Г ЕКАТЕРИНБУРГ   УЛ 11 КИЛОМЕТР СНРОВСКОГО ТРАКТА д. 1', '9321192178'),
(144, 'МАКСИМЕНКО ОЛЬГА НИКОЛАЕВНА', '620000 ОБЛ СВЕРДЛОВСКАЯ   Г ЕКАТЕРИНБУРГ   УЛ УКРУССКАЯ д. 41 кв. 21', '+7 (904) 3870045'),
(145, 'МИХАЙЛОВ СЕРГЕЙ ВЛАДИМИРОВИЧ', '641000 ОБЛ КУРГАНСКАЯ   Г КУРГАН   УЛ ТОМИНА д. 61', '9658364300'),
(146, 'ГУБАЙДУЛЛИН ИЛЬДАР НАИЛЕВИЧ', '450000 РЕСП БАШКОРТОСТАН   Г УФА   УЛ СОВЕТСКАЯ д. 69 стр. 1', '9373120007'),
(147, 'ДРУЖИНА СВЕТЛАНА СЕРГЕЕВНА', '620137 ОБЛ СВЕРДЛОВСКАЯ   Г ЕКАТЕРИНБУРГ   УЛ ШОФЕРОВ д. 32', '9028722539'),
(148, 'ПОМАЗКОВА АНАСТАСИЯ БОРИСОВНА', '454000 ОБЛ ЧЕЛЯБИНСКАЯ   Г ЗЛАТОУСТ   УЛ АВТОДОРОЖНАЯ д. 1А', '9068936583'),
(149, 'СМИРНЯГИН ВИТАЛИЙ ЛЕОНИДОВИЧ', '620000 ОБЛ СВЕРДЛОВСКАЯ   Г ЕКАТЕРИНБУРГ   УЛ БЕТОНЩИКОВ д. 5', '9126899305'),
(150, 'ГРИШАКОВ АНДРЕЙ АНАТОЛЬЕВИЧ', '454000 ОБЛ ЧЕЛЯБИНСКАЯ   Г ТРЕХГОРНЫЙ   УЛ ЗАРЕЧНАЯ д. 13', '9124724341'),
(151, 'ВОЗЖАЕВА ОКСАНА ВИКТОРОВНА', '620000 ОБЛ СВЕРДЛОВСКАЯ     Г АСБЕСТ УЛ ОКТЯБРЬСКАЯ д. 25\\3', '9041621944'),
(152, 'НУЖИНА ТАТЬЯНА МИХАЙЛОВНА', '620000 ОБЛ СВЕРДЛОВСКАЯ   Г ПЕРВОУРАЛЬСК   УЛ ИЛЬИЧА д. 1', '9126347273'),
(153, 'НЕЧАЕВ АЛЕКСАНДР АЛЕКСАНДРОВИЧ', '455038 ОБЛ ЧЕЛЯБИНСКАЯ   Г МАГНИТОГОРСК   УЛ СТАЛЕВАРОВ д. 17 офис 3', '9227590029'),
(154, 'ХУДЯКОВА ЕКАТЕРИНА АНДРЕЕВНА', '620000 ОБЛ СВЕРДЛОВСКАЯ   Г ЕКАТЕРИНБУРГ   УЛ ТАГАНСКАЯ д. 48 кв. 215', '9126490831'),
(155, 'АГЕЕВ ОЛЕГ ВЛАДИМИРОВИЧ', '641000 ОБЛ КУРГАНСКАЯ Р-Н КЕТОВСКИЙ   П СВЕТЛАЯ ПОЛЯНА МКР 1 д. 13', '+7 (909) 1498735'),
(156, 'ШАФИЕВА МИНИСАРА МИНИБАЕВНА', '450000 ОБЛ МОСКОВСКАЯ   Г МОСКВА   ПЕР КАДАШЕВСКИЙ д. 6', '9177939562'),
(157, 'ЛОБАНОВА ЛУИЗА РИФОВНА', '453600 РЕСП БАШКОРТОСТАН Р-Н АБЗЕЛИЛОВСКИЙ   Д ВЕРХНЕЕ АБДРЯШЕВО УЛ САЛАВАТА ЮЛАЕВА д. 1', '9649620477'),
(158, 'КОНЬКОВА ТАТЬЯНА АЛЕКСАНДРОВНА', '620000 ОБЛ СВЕРДЛОВСКАЯ   Г ПЕРВОУРАЛЬСК   УЛ ДОБРОЛЮБОВА д. 42А', '9222278948'),
(159, 'ТИМЕРБАЕВ МАРАТ САМАТОВИЧ', '450000 РЕСП БАШКОРТОСТАН   Г УФА   ПР-КТ ОКТЯБРЯ д. 73 корп. 1', '9371522290'),
(160, 'АВЕРКОВ АЛЕКСАНДР АЛЕКСАНДРОВИЧ', '454000 ОБЛ ЧЕЛЯБИНСКАЯ Р-Н БРЕДИНСКИЙ   П БРЕДЫ УЛ ФРУНЗЕ д. 1', '9049446999'),
(161, 'ФРОЛОВА МАРИНА ВИКТОРОВНА', '454000 ОБЛ ЧЕЛЯБИНСКАЯ   Г МАГНИТОГОРСК   УЛ ОБРУЧЕВА д. 7', '9028681656'),
(162, 'АЛИМАНОВА ЕЛЕНА НИКОЛАЕВНА', '453400 РЕСП БАШКОРТОСТАН   Г ДАВЛЕКАНОВО   УЛ КРАСНОГВАРДЕЙСКАЯ д. 3Б', '9177751318'),
(163, 'МОСКОВЧЕНКО АРТЕМ АЛЕКСАНДРОВИЧ', '456910 ОБЛ ЧЕЛЯБИНСКАЯ   Г САТКА   УЛ СОЛНЕЧНАЯ д. 34', '9822996234'),
(164, 'БОРОВИКОВ СЕРГЕЙ НИКОЛАЕВИЧ', '450000 РЕСП БАШКОРТОСТАН   Г УФА   УЛ ЛЕНИНА д. 31 корп. 33', '9014418859'),
(165, 'ДЕРКАЧ ОЛЕГ ВЯЧИСЛАВОВИЧ', '620000 ОБЛ СВЕРДЛОВСКАЯ   Г ЛЕСНОЙ   УЛ КИРОВА д. 50', '9222007430'),
(166, 'БАШКИРЕВ СЕРГЕЙ АНАТОЛЬЕВИЧ', '620000 ОБЛ СВЕРДЛОВСКАЯ   Г НОВОУРАЛЬСК   УЛ КРУПСКОЙ д. 6', '9521349426'),
(167, 'НОСКОВ МАКСИМ ВИКТОРОВИЧ', '624200 ОБЛ СВЕРДЛОВСКАЯ   Г ЛЕСНОЙ   УЛ ПРОМЫШЛЕННЫЙ ПРОЕЗД д. 3', '9045482556'),
(168, 'ШУЛЬМЕЙСТЕР САНДРА АНАТОЛЬЕВНА', '620000 ОБЛ СВЕРДЛОВСКАЯ   Г ВЕРХНЯЯ ПЫШМА   УЛ УРАЛЬСКИХ РАБОЧИХ д. 60', '9122653630'),
(169, 'ГАРАЕВА ЛАРИСА ВИКТОРОВНА', '620000 ОБЛ СВЕРДЛОВСКАЯ   Г ЕКАТЕРИНБУРГ   УЛ ГЛАВНА д. 18', '9536094209'),
(170, 'ДОКУЧАЕВА ЕЛЕНА ЕВГЕНЬЕВНА', '450037 РЕСП БАШКОРТОСТАН   Г УФА   УЛ ПАРХОМЕНКО д. 156', '9053556753'),
(171, 'МИНЕБАЕВ РОБЕРТ ШАМИЛОВИЧ', '450000 ОБЛ ТЮМЕНСКАЯ   Г КОГАЛЫМ   УЛ СМОЛЕНСКАЯ д. 1', '9610500938'),
(172, 'ТРИФОНОВА ИРИНА ВИКТОРОВНА', '454000 ОБЛ ЧЕЛЯБИНСКАЯ   Г ЧЕЛЯБИНСК   ПР-КТ КОМСОМОЛЬСКИЙ ПРОСПЕКТ д. 83', '+7 (951) 1116615'),
(173, 'ОВЧИННИКОВА ВЕРОНИКА ПАВЛОВНА', '641000 ОБЛ КУРГАНСКАЯ   Г ШАДРИНСК   УЛ КАРЛА ЛИБКНЕХТА д. 3', '9129761491'),
(174, 'ЕВСЕЕНКО СТАНИСЛАВ БОРИСОВИЧ', '450000 РЕСП БАШКОРТОСТАН Р-Н БЕЛОРЕЦКИЙ Г БЕЛОРЕЦК   УЛ ОВЧАРЕНКО д. 21', '9653488525'),
(175, 'ПЕЧЕНКИНА НАТАЛЬЯ МИХАЙЛОВНА', '454084 ОБЛ ЧЕЛЯБИНСКАЯ   Г ЧЕЛЯБИНСК   УЛ КИРОВА д. 10', '9026119654'),
(176, 'АНИСИМОВ АНДРЕЙ ЕВГЕНЬЕВИЧ', '454000 ОБЛ ЧЕЛЯБИНСКАЯ   Г МАГНИТОГОРСК   ПР-КТ КАРЛА МАРКСА д. 143 кв. 135', '9191249320'),
(177, 'ЮРАСОВ ВЛАДИМИР ИВАНОВИЧ', '454000 ОБЛ ЧЕЛЯБИНСКАЯ Р-Н ПЛАСТОВСКИЙ   П СВЕТЛЫЙ УЛ ЛЕСНАЯ д. 1', '9085855587'),
(178, 'КОЛОКОЛЬЦЕВА ЛЮДМИЛА КОНСТАНТИНОВНА', '620000 ОБЛ СВЕРДЛОВСКАЯ   Г СРЕДНЕУРАЛЬСК   УЛ ЛЕНИНА д. 1', '9655140575'),
(179, 'СМИРНОВА ЕЛЕНА ПРОКОПЬЕВНА', '454000 ОБЛ ЧЕЛЯБИНСКАЯ   Г ЧЕЛЯБИНСК   ПР-КТ КОМСОМОЛЬСКИЙ д. 88А кв. 27', '+7 (912) 7976769'),
(180, 'ЧЕГОДАЕВ ВЛАДИМИР СЕРГЕЕВИЧ', '450000 РЕСП БАШКОРТОСТАН   Г КУМЕРТАУ   УЛ ЛЕСНАЯ д. 21 кв. 8', '+7 (965) 6557642'),
(181, 'НОЗДРЯКОВА ГАЛИНА МИХАЙЛОВНА', '454008 ОБЛ ЧЕЛЯБИНСКАЯ   Г ЧЕЛЯБИНСК   УЛ ЦИНКОВАЯ д. 1 офис 300', '9085842942'),
(182, 'АСКАРОВ АЛЕКСЕЙ ФАНУСОВИЧ', '620000 ОБЛ СВЕРДЛОВСКАЯ   Г ЕКАТЕРИНБУРГ   УЛ 8 МАРТА д. 32 корп. А', '9122378577'),
(183, 'МИХАЙЛОВА ЛЮДМИЛА АЛЕКСАНДРОВНА', '454000 ОБЛ ЧЕЛЯБИНСКАЯ   Г ЗЛАТОУСТ   ПРОЕЗД ПАРКОВЫЙ д. 1', '9026053030'),
(184, 'ЗАЙДУЛЛИН ИЛЬДУС МИДХАТОВИЧ', '453050 РЕСП БАШКОРТОСТАН Р-Н АУРГАЗИНСКИЙ   С ТОЛБАЗЫ УЛ М. ГАФУРИ д. 26', '9373659178'),
(185, 'ЧЕХРАНОВ ВЛАДИМИР АЛЕКСАНДРОВИЧ', '450000 РЕСП БАШКОРТОСТАН   Г УФА   УЛ НАБЕРЕЖНАЯ Р УФЫ д. 37 кв. 35', '9603883348'),
(186, 'САФИНА ЭЛЬМИРА МАРСОВНА', '450000 РЕСП БАШКОРТОСТАН Р-Н КАЛТАСИНСКИЙ   С КРАСНОХОЛМСКИЙ УЛ ЛЕНИНА д. 21 корп. Б', '9871343191'),
(187, 'ЕФИМОВА ЛЮДМИЛА ВЯЧЕСЛАВОВНА', '454000 ОБЛ ЧЕЛЯБИНСКАЯ   Г ЧЕЛЯБИНСК   УЛ ГАГАРИНА д. 40А', '9227373623'),
(188, 'ФЕДОТОВ МАКСИМ АНАТОЛЬЕВИЧ', '620000 ОБЛ СВЕРДЛОВСКАЯ   Г ЕКАТЕРИНБУРГ   УЛ ОСНОВИНСКАЯ д. 8', '9041793131'),
(189, 'ЛАРИОНОВ ЮРИЙ ГЕОРГИЕВИЧ', '620000 ОБЛ СВЕРДЛОВСКАЯ   Г РЕВДА   УЛ ЦВЕТНИКОВ д. 21', '9221155547'),
(190, 'СЕРГИЕНКО ТАТЬЯНА СЕРГЕЕВНА', '454000 ОБЛ ЧЕЛЯБИНСКАЯ   Г ЧЕЛЯБИНСК   УЛ СОЛНЕЧНАЯ д. 7 офис 216', '+7 (951) 4825592'),
(191, 'ДРАЙ НАТАЛЬЯ ЮРЬЕВНА', '454000 ОБЛ ЧЕЛЯБИНСКАЯ   Г ВЕРХНИЙ УФАЛЕЙ   УЛ ЯКУШЕВА д. 7', '9045472450'),
(192, 'ДМИТРИЕВА ЛЮДМИЛА КОНСТАНТИНОВНА', '620000 ОБЛ СВЕРДЛОВСКАЯ   Г ЕКАТЕРИНБУРГ   ПР-КТ КОСМОНАВТОВ д. 43', '9089030156'),
(193, 'ПОДКУЙКО СВЕТЛАНА АНАТОЛЬЕВНА', '628672 ОБЛ ТЮМЕНСКАЯ     Г ЛАНГЕПАС УЛ ЛЕНИНА д. 11В', '9044643206'),
(194, 'СИЗИКОВА ЕКАТЕРИНА АНДРЕЕВНА', '628000 ОБЛ ТЮМЕНСКАЯ     Г ХАНТЫ-МАНСИЙСК УЛ КАЛИНИНА д. 40', '9526908094'),
(195, 'КАРАКУЛОВА ОЛЬГА СЕРГЕЕВНА', '620000 ОБЛ СВЕРДЛОВСКАЯ   Г НИЖНИЙ ТАГИЛ   Ш ЧЕРНОИСТОЧИНСКОЕ д. 20', '9126065904'),
(196, 'АВЕРИНА ТАТЬЯНА ЮРЬЕВНА', '454000 ОБЛ ЧЕЛЯБИНСКАЯ   Г МАГНИТОГОРСК   УЛ ЛЕНИНА д. 141', '9194086035'),
(197, 'ГЕРР ЕКАТЕРИНА СЕРГЕЕВНА', '457040 ОБЛ ЧЕЛЯБИНСКАЯ   КП КРАСНОГОРСКИЙ   УЛ ПОБЕДЫ д. 29', '9507230073'),
(198, 'ТРУБНИКОВА НАТАЛЬЯ АЛЕКСАНДРОВНА', '454000 ОБЛ ЧЕЛЯБИНСКАЯ   Г ЧЕЛЯБИНСК   УЛ КАРЛА МАРКСА д. 38 офис 304', '9193383829'),
(199, 'АНТОНОВА ВЕРА НИКОЛАЕВНА', '454000 ОБЛ ЧЕЛЯБИНСКАЯ   Г ЧЕЛЯБИНСК   ПР-КТ СВЕРДЛОВСКИЙ д. 16', '9507407839'),
(200, 'ГОРИН ЭДУАРД ВЛАДИМИРОВИЧ', '454000 ОБЛ ЧЕЛЯБИНСКАЯ   Г ОЗЕРСК   УЛ ИРТЯШСКАЯ д. 7 кв. 124', '9222385114'),
(201, 'РУМЯНЦЕВА ДИЛЯРА ЭЛЬДАРОВНА', '454000 ОБЛ ЧЕЛЯБИНСКАЯ   Г ЧЕЛЯБИНСК   УЛ ЧОППА д. 6 стр. А', '9514813852'),
(202, 'ХАБИБОВА ГУЗЕЛЬ ВИЛЕВНА', '450000 РЕСП БАШКОРТОСТАН   Г УФА   УЛ ЛЕНИНА д. 20', '9177888111'),
(203, 'РЯБОВА НАТАЛЬЯ АНАТОЛЬЕВНА', '454000 ОБЛ ЧЕЛЯБИНСКАЯ   Г ЧЕЛЯБИНСК   УЛ ЭНТУЗИАСТОВ д. 26Б', '9925014219'),
(204, 'ХАЖИАХМЕТОВ ДМИТРИЙ ИЛЬДАРОВИЧ', '456940 ОБЛ ЧЕЛЯБИНСКАЯ   Г КУСА   УЛ ЛЕНИНГРАДСКАЯ д. 15 корп. Б', '9191210580'),
(205, 'КАРИМОВ МАРАТ МУХТАРОВИЧ', '450000 РЕСП БАШКОРТОСТАН   Г СТЕРЛИТАМАК   УЛ ЛЕНИНА д. 1', '9177970993'),
(206, 'КРАЛИНА АНАСТАСИЯ ЛЕОНИДОВНА', '620000 ОБЛ СВЕРДЛОВСКАЯ   Г ЕКАТЕРИНБУРГ   УЛ ТУРБИННАЯ д. 40', '9506306159'),
(207, 'ГАЛЕЕВ ИЛЬЯС ВАЛЕРЬЕВИЧ', '450000 РЕСП БАШКОРТОСТАН   Г УФА   УЛ МАЛАЯ ГРАЖДАНСКАЯ д. 35 стр. А', '9174060175'),
(208, 'ГОРБУНОВА ЛЮБОВЬ НИКОЛАЕВНА', '454000 ОБЛ ЧЕЛЯБИНСКАЯ Р-Н КРАСНОАРМЕЙСКИЙ   С МИАССКОЕ УЛ САДОВАЯ д. 3', '+7 (904) 9797165'),
(209, 'КОНОВ НИКОЛАЙ БОРИСОВИЧ', '450000 РЕСП БАШКОРТОСТАН   Г УФА   УЛ СИПАЙЛОВСКАЯ д. 1', '9874938594'),
(210, 'САЛАТОВА ЗАГИЛА ТУЛЕГЕНОВНА', '454000 ОБЛ ЧЕЛЯБИНСКАЯ   Г ЧЕЛЯБИНСК   УЛ КУЗНЕЦОВА д. 2А', '9507272185'),
(211, 'ПЕТРОВ ВЛАДИМИР АЛЕКСАНДРОВИЧ', '627000 ОБЛ ТЮМЕНСКАЯ   Г НИЖНЕВАРТОВСК   УЛ КИРОВА д. 1', '9129959478'),
(212, 'БЕЛЬКОВА НАТАЛЬЯ ИВАНОВНА', '628400 ОБЛ ТЮМЕНСКАЯ   Г СУРГУТ   УЛ СОСНОВАЯ д. 27', '9292463936'),
(213, 'ЯДНЕ ЕЛЕНА СЮТИВНА', '353950 ОБЛ ТЮМЕНСКАЯ     П ТАЗОВСКИЙ УЛ СПОРТИВНАЯ д. 5', '9824073248'),
(214, 'БЕГЕШЕВА ЕКАТЕРИНА ВИКТОРОВНА', '627500 ОБЛ ТЮМЕНСКАЯ Р-Н СОРОКИНСКИЙ   С БОЛЬШОЕ СОРОКИНО УЛ КАРБЫШЕВА д. 1В', '9088709743'),
(215, 'ЛИХАЧЁВА ЕКАТЕРИНА ВЛАДИМИРОВНА', '454000 ОБЛ ЧЕЛЯБИНСКАЯ   Г ЧЕЛЯБИНСК   УЛ ПОГРАНИЧНАЯ д. 1', '9514828352'),
(216, 'САВИНОВ ВАДИМ АНАТОЛЬЕВИЧ', '454000 ОБЛ ЧЕЛЯБИНСКАЯ   Г ОЗЕРСК   УЛ ЛЕНИНА д. 29', '9226319453'),
(217, 'МИНЯЕВА ИРИНА СЕРГЕЕВНА', '454014 ОБЛ ЧЕЛЯБИНСКАЯ Р-Н КУРЧАТОВСКИМЙ Г ЧЕЛЯБИНСК НП ЧЕЛЯБИНСК УЛ МОЛОДОГВАРДЕЙЦЕВ д. 18', '9226952315'),
(218, 'АБУБАКИРОВА АЛЬБИНА ХАЛИМОВНА', '620141 ОБЛ СВЕРДЛОВСКАЯ   Г ЕКАТЕРИНБУРГ   УЛ АРТИНСКАЯ д. 12 стр. Б офис 1', '9538216315'),
(219, 'НАЗМИЕВ АЛЕКСЕЙ МАРАТОВИЧ', '614000 КРАЙ ПЕРМСКИЙ   Г ПЕРМЬ   УЛ СВЕРДЛОВСКАЯ д. 2 корп. А', '9089019701'),
(220, 'БАГАУТДИНОВ ШАМИЛЬ АВЗАЛОВИЧ', '453850 РЕСП БАШКОРТОСТАН   Г МЕЛЕУЗ   УЛ ОКТЯБРЬСКАЯ д. 8 А', '+7 (927) 9307982'),
(221, 'НУРГАЛИЕВ АЛЬБЕРТ РАСУЛЕВИЧ', '450000 РЕСП БАШКОРТОСТАН   Г УФА   УЛ Н. КОВШОВОЙ д. 5 кв. 93', '+7 (917) 7361718'),
(222, 'ИВАНЧЕНКО НАДЕЖДА ВАДИМОВНА', '454000 ОБЛ ЧЕЛЯБИНСКАЯ   Г ЧЕЛЯБИНСК   УЛ БРАТЬЕВ КАШИРИНЫХ д. 129', '9090852728'),
(223, 'СВЕТЛАКОВА ОКСАНА АЛЕКСАНДРОВНА', '450000 РЕСП БАШКОРТОСТАН   Г УФА   УЛ БАБУШКИНА д. 21', '9173771144'),
(224, 'АЛЕКСАНДРОВА ВЕРОНИКА ВАЛЕРЬЕВНА', '450000 РЕСП БАШКОРТОСТАН   Г УФА   УЛ РОССИЙСКАЯ д. 98 стр. 2', '9374945747'),
(225, 'ГРАК ЕКАТЕРИНА ЮРЬЕВНА', '620023 ОБЛ СВЕРДЛОВСКАЯ   Г ЕКАТЕРИНБУРГ   УЛ ПРОСТОРНАЯ д. 73Б', '9089225165'),
(226, 'ВЕРЕТА ВАЛЕРИЙ НИКОЛАЕВИЧ', '457000 РЕСП САХА /ЯКУТИЯ/   Г КОГАЛЫМ   УЛ СТЕПАНА ПОЛХА д. 6 кв. 37', '9505297340'),
(227, 'НЕСТЕРОВА ИРИНА НИКОЛАЕВНА', '620100 ОБЛ СВЕРДЛОВСКАЯ   Г ЕКАТЕРИНБУРГ   УЛ БУТОРИНА д. 7 кв. 78', '9041638940'),
(228, 'АРЖЕВИТИН ПАВЕЛ ВИКТОРОВИЧ', '457040 ОБЛ ЧЕЛЯБИНСКАЯ   Г ЮЖНОУРАЛЬСК   УЛ ЛУЧИСТАЯ д. 2А', '9000722754'),
(229, 'МИРОНЕНКО ЕЛЕНА ЮРЬЕВНА', '641000 ОБЛ КУРГАНСКАЯ   Г КУРГАН   УЛ СИБИРСКАЯ д. 1', '9091481293'),
(230, 'СМИРНОВА ОЛЬГА ТИХОНОВНА', '627440 ОБЛ ТЮМЕНСКАЯ Р-Н БЕРДЮЖСКИЙ   С БЕРДЮЖЬЕ УЛ КИРОВА д. 13', '9923026410'),
(231, 'ТАШЛАНОВА НАТАЛЬЯ ГЕОРГИЕВНА', '627440 ОБЛ ТЮМЕНСКАЯ Р-Н БЕРДЮЖСКИЙ   С БЕРДЮЖЬЕ УЛ КИРОВА д. 13', '9829016491'),
(232, 'КАРПОВА НАТАЛЬЯ НИКОЛАЕВНА', '627440 ОБЛ ТЮМЕНСКАЯ Р-Н БЕРДЮЖСКИЙ   С БЕРДЮЖЬЕ УЛ КИРОВА д. 13', '9220780636'),
(233, 'БОГДАНОВА МАРИНА МИХАЙЛОВНА', '454000 ОБЛ ЧЕЛЯБИНСКАЯ   Г ЧЕЛЯБИНСК   УЛ ГЕРОЕВ ТАНКОГРАДА д. 80 корп. П', '9080534398'),
(234, 'ЕГОРОВ ВЛАДИМИР СЕРГЕЕВИЧ', '620000 ОБЛ СВЕРДЛОВСКАЯ   Г ЕКАТЕРИНБУРГ   УЛ МОНТАЖНИКОВ д. 106', '9504836170'),
(235, 'ИВАНОВ НИКОЛАЙ ВАЛЕРЬЕВИЧ', '625000 ОБЛ ТЮМЕНСКАЯ   Г ТЮМЕНЬ   УЛ ГАЗОВИКОВ д. 51 стр. 1', '+7 (908) 8710496'),
(236, 'ТИМОФЕЕВ АНТОН СЕРГЕЕВИЧ', '620000 ОБЛ СВЕРДЛОВСКАЯ   Г СЫСЕРТЬ   УЛ ЛЕНИНА д. 30', '9655379367'),
(237, 'БАШАЕВ ИЛЬЯ ГЕННАДЬЕВИЧ', '454000 ОБЛ ЧЕЛЯБИНСКАЯ   Г ЧЕЛЯБИНСК   Ш КОПЕЙСКОЕ д. 35 корп. Б', '9507275779'),
(238, 'ФАТХУТДИНОВА ЛАРИСА РАФИСОВНА', '452960 РЕСП БАШКОРТОСТАН АО БУРАЕВСКИЙ   С БУРАЕВО УЛ ХИМИКОВ д. 4 кв. 0', '9371552247'),
(239, 'КОЗИЦЫНА ЕЛЕНА ВАЛЕРЬЕВНА', '454000 ОБЛ ЧЕЛЯБИНСКАЯ   Г КОРКИНО   УЛ КАЛИНИНА д. 14 кв. 5', '9043082236'),
(240, 'ДЕШИН ИЛЬЯ АЛЕКСЕЕВИЧ', '450000 РЕСП БАШКОРТОСТАН   Г УФА   УЛ 50 ЛЕТ ОКТЯБРЯ д. 24', '9177478711'),
(241, 'ЧЕБУКОВ ЮРИЙ СЕРГЕЕВИЧ', '454000 ОБЛ ЧЕЛЯБИНСКАЯ   Г ОЗЕРСК   УЛ ЧЕЛЯБИНСКАЯ д. 30', '9080528401'),
(242, 'ДМИТРИЕВА ЕЛЕНА ВЛАДИМИРОВНА', '454000 ОБЛ ЧЕЛЯБИНСКАЯ   Г ЧЕБАРКУЛЬ   М КИСЕГАЧ', '9193187735'),
(243, 'ТИГАНОВА ОЛЬГА АЛЕКСАНДРОВНА', '620000 ОБЛ СВЕРДЛОВСКАЯ   Г ЕКАТЕРИНБУРГ   УЛ ХОХРЯКОВА д. 74', '9122465988'),
(244, 'КАРЦЕВА ЕВГЕНИЯ МИХАЙЛОВНА', '450000 РЕСП БАШКОРТОСТАН   Г УФА   ПР-КТ ОКТЯБРЯ д. 69 корп. 3', '9874911698'),
(245, 'ТОЛОКНОВА НАТАЛЬЯ ВАЛЕРЬЕВНА', '620000 ОБЛ СВЕРДЛОВСКАЯ   Г ЕКАТЕРИНБУРГ   УЛ ЛУНАЧАРСКОГО д. 210 офис 215', '9090232341'),
(246, 'ШАКИРОВ ОЛЕГ ДАНИЛОВИЧ', '620000 ОБЛ СВЕРДЛОВСКАЯ   Г ЕКАТЕРИНБУРГ   УЛ ШЕВЧЕНКО д. 9 кв. 415', '9122430265'),
(247, 'ГАФАРОВА ТАТЬЯНА АЛЕКСАНДРОВНА', '454000 ОБЛ ЧЕЛЯБИНСКАЯ   Г ЧЕЛЯБИНСК   УЛ ПЕТРА СТОЛЫПИНА д. 3 кв. 146', '9507441687'),
(248, 'ЗВЕРЕВ КИРИЛЛ ЮРЬЕВИЧ', '620000 ОБЛ СВЕРДЛОВСКАЯ   Г ПЕРВОУРАЛЬСК   УЛ 8 МАРТА д. 1', '9826414438'),
(249, 'РАЙЛЕ ПАВЕЛ РОБЕРТОВИЧ', '450000 РЕСП БАШКОРТОСТАН   Г ОКТЯБРЬСКИЙ   УЛ СЕВЕРНАЯ д. 10', '9273580345'),
(250, 'СМИРНОВА РОЗА ВИКТОРОВНА', '620000 ОБЛ СВЕРДЛОВСКАЯ   Г ЕКАТЕРИНБУРГ   УЛ ШЕЙНКМАНА д. 75 офис 13', '9122266417'),
(251, 'ЮРКОВЕЦ ГАЛИНА ВИКТОРОВНА', '457100 ОБЛ ЧЕЛЯБИНСКАЯ   Г ТРОИЦК   УЛ КРАСНОАРМЕЙСКАЯ д. 28', '9085836275'),
(252, 'ДЕМЬЯНЕНКО РАИСА АНАТОЛЬЕВНА', '627610 ОБЛ ТЮМЕНСКАЯ Р-Н СЛАДКОВСКИЙ   С СЛАДКОВО УЛ ЛЕНИНА д. 104А', '9048769316'),
(253, 'КИХТЕНКО ФРИДА ВИКТОРОВНА', '627610 ОБЛ ТЮМЕНСКАЯ Р-Н СЛАДКОВСКИЙ   С СЛАДКОВО УЛ ЛЕНИНА д. 104А', '9504984225'),
(254, 'МИШИНА ГАЛИНА ВАЛЕРЬЕВНА', '627610 ОБЛ ТЮМЕНСКАЯ Р-Н СЛАДКОВСКИЙ   С СЛАДКОВО УЛ ЛЕНИНА д. 104А', '9220037655'),
(255, 'НОВИКОВА ИРИНА ВАЛЕНТИНОВНА', '627610 ОБЛ ТЮМЕНСКАЯ Р-Н СЛАДКОВСКИЙ   С СЛАДКОВО УЛ ЛЕНИНА д. 104А', '9526755563'),
(256, 'ПОЗДНЯКОВА ЮЛИЯ ВИКТОРОВНА', '629300 ОБЛ ТЮМЕНСКАЯ   Г НОВЫЙ УРЕНГОЙ   ПР-КТ ГУБКИНА д. 16', '9129533003'),
(257, 'КИМ ЕЛЕНА АЛЕКСЕЕВНА', '450000 РЕСП БАШКОРТОСТАН   Г УФА   УЛ БЕССОНОВА д. 2', '9174623346'),
(258, 'ВИКУЛИНА ИРИНА ВИКТОРОВНА', '628400 ОБЛ ТЮМЕНСКАЯ   Г СУРГУТ   УЛ ЧЕХОВА д. 5', '9222549646'),
(259, 'ВАКАЛЬЧУК ЮЛИЯ ВАЛЕНТИНОВНА', '628400 ОБЛ ТЮМЕНСКАЯ   Г СУРГУТ   УЛ НЕФТЯНИКОВ д. 29/2', '9222598068'),
(260, 'МОРОЗОВА ДАРЬЯ НИКОЛАЕВНА', '627750 ОБЛ ТЮМЕНСКАЯ   Г ИШИМ   УЛ ЧЕРНЫШЕВСКОГО д. 4 кв. 24', '9048777636'),
(261, 'НУГУМАНОВ РАИЛЬ НАИЛЕВИЧ', '450000 РЕСП БАШКОРТОСТАН   Г ДЮРТЮЛИ   УЛ ЛЕНИНА д. 23', '9870998907'),
(262, 'СУБАЧЕВ ОЛЕГ ИГОРЕВИЧ', '620000 ОБЛ СВЕРДЛОВСКАЯ   Г ЕКАТЕРИНБУРГ   УЛ ТОКАРЕЙ д. 62 кв. 38', '9122639319'),
(263, 'ШВЕЦОВА ЛИЛИЯ ПАВЛОВНА', '620000 ОБЛ СВЕРДЛОВСКАЯ   Г КРАСНОУФИМСК   УЛ ОЗЕРНАЯ д. 13', '9502048351'),
(264, 'АКНАЗАРОВА ИЛЬГИНА ВЕНЕРОВНА', '453837 РЕСП БАШКОРТОСТАН   Г СИБАЙ   УЛ ЛЕНИНА д. 17', '9377808409'),
(265, 'ЛЕОНОВА ЮЛИЯ ВЛАДИМИРОВНА', '454000 ОБЛ ЧЕЛЯБИНСКАЯ   Г ЧЕЛЯБИНСК   ПР-КТ ЛЕНИНА д. 55 стр. А офис 505', '9043086830'),
(266, 'ГРЕБЕННИК ИВАН АЛЕКСАНДРОВИЧ', '456618 ОБЛ ЧЕЛЯБИНСКАЯ   Г КОПЕЙСК   ПР-КТ КОММУНИСТИЧЕСКИЙ д. 22', '9220153556'),
(267, 'РОКУТОВА НАТАЛЬЯ АЛЕКСАНДРОВНА', '454000 ОБЛ ЧЕЛЯБИНСКАЯ Р-Н АШИНСКИЙ   П КРОПАЧЁВО УЛ СОВЕТСКАЯ д. 59', '+7 (919) 3351223'),
(268, 'ГИМАЕВА АЙГУЛЬ МУХТАРОВНА', '450000 РЕСП БАШКОРТОСТАН   Г УЧАЛЫ   УЛ К. МАРКСА д. 20', '9051819421'),
(269, 'АХМЕДОВ АРТУР АЛИМЖАНОВИЧ', '456043 ОБЛ ЧЕЛЯБИНСКАЯ   Г УСТЬ-КАТАВ   УЛ СОЦИАЛИСТИЧЕСКАЯ д. 38 кв. 18', '9823578880'),
(270, 'ВЫПРИЦКИХ НАДЕЖДА ЮРЬЕВНА', '454000 ОБЛ ЧЕЛЯБИНСКАЯ   Г ЧЕЛЯБИНСК   ПР-КТ КРАСНОПОЛЬСКИЙ д. 1Ж', '9080433084'),
(271, 'РАЗЯПОВА СВЕТЛАНА РАВИЛЕВНА', '450000 РЕСП БАШКОРТОСТАН   Г КУМЕРТАУ   УЛ БАБАЕВСКАЯ д. 12', '9273080775'),
(272, 'КОЛОДЯЖНАЯ СВЕТЛАНА АНАТОЛЬЕВНА', '620000 ОБЛ СВЕРДЛОВСКАЯ   Г АСБЕСТ   УЛ ШЕВЧЕНКО д. 36', '9538286553'),
(273, 'ПАЛИЦИН АЛЕКСЕЙ АРКАДЬЕВИЧ', '620000 ОБЛ СВЕРДЛОВСКАЯ   Г БЕРЕЗОВСКИЙ   УЛ ЧАПАЕВА д. 39', '9923460493'),
(274, 'СЕРКОВА НАТАЛЬЯ АЛЕКСАНДРОВНА', '620000 ОБЛ СВЕРДЛОВСКАЯ   Г ИРБИТ   УЛ МАРШАЛА ЖУКОВА д. 12', '+7 (902) 2785185'),
(275, 'КАСПИРОВИЧ ИГОРЬ АЛЕКСАНДРОВИЧ', '620000 ОБЛ СВЕРДЛОВСКАЯ   Г ЕКАТЕРИНБУРГ   УЛ ГОРЬКОГО д. 45', '9120448500'),
(276, 'БОРОДУЛИНА ОЛЬГА НИКОЛАЕВНА', '624006 ОБЛ СВЕРДЛОВСКАЯ Р-Н СЫСЕРТСКИЙ   П БОЛЬШОЙ ИСТОК УЛ СТЕПАНА РАЗИНА д. 2А', '9030807920'),
(277, 'ГАНИЕВА ЛИДИЯ САГИЛОВНА', '450000 РЕСП БАШКОРТОСТАН   Г УФА   УЛ АХМЕТОВА д. 322', '9373051627'),
(278, 'ШАРОВА АЛЕВТИНА НИКОЛАЕВНА', '454000 ОБЛ ЧЕЛЯБИНСКАЯ   Г САТКА   УЛ 50 ЛЕТ ВЛКСМ д. 15 кв. 85', '9068603749'),
(279, 'ПАХАРЕНКО ТАМАРА ПАВЛОВНА', '627610 ОБЛ ТЮМЕНСКАЯ Р-Н СЛАДКОВСКИЙ   С СЛАДКОВО УЛ ЛЕНИНА д. 104А', '9526899419'),
(280, 'ПОЛЯКОВА АННА ШАКИРОВНА', '625000 ОБЛ ТЮМЕНСКАЯ   Г ТЮМЕНЬ   УЛ ЛЕНИНА д. 4А', '9199326002'),
(281, 'САПАРОВ РАДИК РАШИДОВИЧ', '628181 ОБЛ ТЮМЕНСКАЯ   Г НЯГАНЬ   УЛ СИБИРСКАЯ д. 24', '9088880929'),
(282, 'СИЗОВА НАТАЛЬЯ МИХАЙЛОВНА', '625000 ОБЛ ТЮМЕНСКАЯ   Г ТЮМЕНЬ   УЛ 50 ЛЕТ ОКТЯБРЯ д. 21 кв. 56', '+7 (919) 0785561'),
(283, 'РУДАЛЕВА ЛАРИСА ИГНАТЬЕВНА', '628400 ОБЛ ТЮМЕНСКАЯ   Г СУРГУТ   УЛ АЭРОФЛОТСКАЯ д. 47', '9526905282'),
(284, 'АЛЕЕВА АЛСУ АХАТОВНА', '628400 ОБЛ ТЮМЕНСКАЯ   Г СУРГУТ   ТРАКТ ЮГОРСКИЙ д. 2', '9923557021'),
(285, 'КРАСНИКОВА ЕЛЕНА ВЛАДИМИРОВНА', '628400 ОБЛ ТЮМЕНСКАЯ   Г СУРГУТ   УЛ 30 ЛЕТ ПОБЕДЫ д. 19 корп. А кв. 0', '9825937166'),
(286, 'КУЛИКОВ ВИКТОР СТАНИСЛАВОВИЧ', '625000 ОБЛ ТЮМЕНСКАЯ   Г ТЮМЕНЬ   УЛ НАРОДНАЯ д. 7', '9923098459'),
(287, 'БЕДНЫЙ СТАНИСЛАВ ВЛАДИМИРОВИЧ', '628331 ОБЛ ТЮМЕНСКАЯ Р-Н НЕФТЕЮГАНСКИЙ   ПГТ ПОЙКОВСКИЙ УЛ ПРОМЗОНА д. 19 стр. А', '9825929926'),
(288, 'МЕЛЬНИКОВ ДМИТРИЙ ВЛАДИМИРОВИЧ', '628600 ОБЛ ТЮМЕНСКАЯ АО ХМАО Г НИЖНЕВАРТОВСК   УЛ ИНДУСТРИАЛЬНАЯ д. 36 стр. 16', '9125343054'),
(289, 'МАГАДЕЕВА РЕГИНА РАХИМОВНА', '628600 ОБЛ ТЮМЕНСКАЯ   Г НИЖНЕВАРТОВСК   УЛ ЛЕНИНА д. 9П офис 22', '9129332140'),
(290, 'РОМБЕЛЬСКАЯ ИРИНА ЭВАЛЬДОВНА', '629800 ОБЛ ТЮМЕНСКАЯ АО ЯНАО Г НОЯБРЬСК   УЛ СИБИРСКАЯ д. 192 кв. 10', '9124382947'),
(291, 'УТКИНА ЛИДИЯ ДАВИДОВНА', '627070 ОБЛ ТЮМЕНСКАЯ Р-Н ОМУТИНСКИЙ   С ОМУТИНСКОЕ УЛ ВАГАЙСКАЯ д. 1 кв. 3', '+7 (902) 6236097'),
(292, 'АНТИПОВ СЕРГЕЙ АЛЕКСАНДРОВИЧ', '454000 ОБЛ ЧЕЛЯБИНСКАЯ Р-Н ЧЕБАРКУЛЬСКИЙ   Д ШАБУНИНО УЛ КОЛХОЗНАЯ д. 1А кв. 1', '9080954059'),
(293, 'ГРИГОРЬЕВ АЛЕКСАНДР АНАТОЛЬЕВИЧ', '628400 ОБЛ ТЮМЕНСКАЯ   Г СУРГУТ   УЛ ЗАПАДНАЯ д. 5', '9822016045'),
(294, 'ИЛЬЮЩЕНКОВ АЛЕКСАНДР ЛЕОНИДОВИЧ', '625000 ОБЛ ТЮМЕНСКАЯ   Г ТЮМЕНЬ   УЛ МИХАИЛА СПЕРАНСКОГО д. 17 кв. 189', '9044870715'),
(295, 'КЕЙЛЬ АЛЕКСАНДРА ВИКТОРОВНА', '629000 АО ЯМАЛО-НЕНЕЦКИЙ Р-Н ЯНАО Г САЛЕХАРД   УЛ МАТРОСОВА д. 29', '+7 (909) 1989911'),
(296, 'СУХИХ АЛЕКСАНДР ЮРЬЕВИЧ', '620000 ОБЛ СВЕРДЛОВСКАЯ   Г АРАМИЛЬ   УЛ КЛУБНАЯ д. 57', '9530430083'),
(297, 'СТРЕБКОВА АННА ИВАНОВНА', '456660 ОБЛ ЧЕЛЯБИНСКАЯ Р-Н КРАСНОАРМЕЙСКИЙ   С МИАССКОЕ УЛ КИРОВА д. 1 стр. Б', '9514876957'),
(298, 'КОРКИНА ОЛЕСЯ ВАЛЕРЬЕВНА', '625000 ОБЛ ТЮМЕНСКАЯ   Г ТЮМЕНЬ   УЛ ДОМОСТРОИТЕЛЕЙ д. 16/1', '9324819771'),
(299, 'ИМЕРЛИШВИЛИ ИРИНА МИХАЙЛОВНА', '625000 ОБЛ ТЮМЕНСКАЯ   Г ТЮМЕНЬ   УЛ 50 ЛЕТ ОКТЯБРЯ д. 58', '9058208976'),
(300, 'АЛИКИН КОНСТАНТИН ПЕТРОВИЧ', '625000 ОБЛ ТЮМЕНСКАЯ   Г ТЮМЕНЬ   УЛ КАЗАЧЬИ ЛУГА д. 2', '9199477921'),
(301, 'ВАТОЛИНА СВЕТЛАНА ВЛАДИМИРОВНА', '628672 ОБЛ ТЮМЕНСКАЯ     Г ЛАНГЕПАС УЛ ПРОМЫШЛЕННАЯ ЗОНА д. 11', '9044869646'),
(302, 'ФИНИН ВЛАДИМИР НИКОЛАЕВИЧ', '625000 ОБЛ ТЮМЕНСКАЯ   Г ТЮМЕНЬ   УЛ ТЮМЕНСКАЯ д. 57', '9829229214'),
(303, 'ПОЛОНИКОВ АЛЕКСАНДР МИХАЙЛОВИЧ', '625000 ОБЛ ТЮМЕНСКАЯ   Г ТЮМЕНЬ   УЛ 9 ЯНВАРЯ д. 162 кв. 1', '9199460966'),
(304, 'ЗАГРЕБЕЛЬНЫЙ РУСЛАН ИВАНОВИЧ', '450000 РЕСП БАШКОРТОСТАН   Г УФА   УЛ РЕВОЛЮЦИОННАЯ д. 9', '9198492783'),
(305, 'КУЗЫБАЕВА АЙГУЛЬ САИТГАЛИЕВНА', '628600 ОБЛ ТЮМЕНСКАЯ АО ХМАО Г НИЖНЕВАРТОВСК   УЛ ЛЕНИНА д. 10П', '9634916567'),
(306, 'СТОРЧАК ЮРИЙ ПЕТРОВИЧ', '624992 ОБЛ СВЕРДЛОВСКАЯ   Г СЕРОВ   УЛ ПОБЕДЫ д. 13', '9193802232'),
(307, 'КИРЮНОВА МАРИНА ВЛАДИМИРОВНА', '620000 ОБЛ СВЕРДЛОВСКАЯ   Г КАРПИНСК   УЛ 8 МАРТА д. 16', '+7 (953) 0403303'),
(308, 'КРЮЧКОВА ГАЛИНА АЛЕКСЕЕВНА', '628400 ОБЛ ТЮМЕНСКАЯ Р-Н СУРГУТСКИЙ Г СУРГУТ Г СУРГУТ УЛ МАЙСКАЯ д. 81/', '9224053095'),
(309, 'КУРЕННЫЙ ОЛЕГ НИКОЛАЕВИЧ', '628672 ОБЛ ТЮМЕНСКАЯ   Г ЛАНГЕПАС   УЛ МИР д. 8 офис 39', '9634946828'),
(310, 'ШЕВЕЛЕВ ВИТАЛИЙ ВИКТОРОВИЧ', '625000 ОБЛ ТЮМЕНСКАЯ   Г ТЮМЕНЬ   УЛ ЧЕКИСТОВ д. 30', '9120774418'),
(311, 'КАЛИНИНА ОКСАНА СЕРГЕЕВНА', '627010 ОБЛ ТЮМЕНСКАЯ   Г ЯЛУТОРОВСК   УЧ-К ЧКАЛОВА д. 25', '9504947572'),
(312, 'ГРИЦЕНКО ВЛАДИМИР ВАСИЛЬЕВИЧ', '693000 ОБЛ САХАЛИНСКАЯ   Г АСБЕСТ   УЛ 8 МАРТА д. 19 кв. 3', '9221077857'),
(313, 'МАТВЕЕВА СВЕТЛАНА НИКОЛАЕВНА', '450000 РЕСП БАШКОРТОСТАН   Г УФА   УЛ ЮБИЛЕЙНАЯ д. 7 корп. А', '9174597205'),
(314, 'МАЗАЛОВА МАРИНА СЕРГЕЕВНА', '625000 ОБЛ ТЮМЕНСКАЯ   Г ТЮМЕНЬ   УЛ ХАРБКОВСКАЯ д. 59 корп. 5', '9097375630'),
(315, 'ЛЕОНОВА ЕЛЕНА АНАТОЛЬЕВНА', '625000 ОБЛ ТЮМЕНСКАЯ   Г ТЮМЕНЬ   УЛ ЛЕНИНА д. 76', '9199530749'),
(316, 'ХАЛИДУЛЛИНА ЛАРИСА ТИМИРХАНОВНА', '625000 ОБЛ ТЮМЕНСКАЯ   Г ТЮМЕНЬ   УЛ ЛЕНИНА', '9829830748'),
(317, 'ВОРОНОВА ЕЛЕНА ВАСИЛЬЕВНА', '628260 ОБЛ ТЮМЕНСКАЯ   Г ЮГОРСК   УЛ ГАСТЕЛЛО д. 1', '9324388018'),
(318, 'ПЛЕСОВСКИХ МИХАИЛ ВАЛЕНТИНОВИЧ', '628400 ОБЛ ТЮМЕНСКАЯ   Г СУРГУТ   Ш НЕФТЕЮГАНСКОЕ д. 1', '9224283803'),
(319, 'ДУБРОВИНА ЕВГЕНИЯ СЕРГЕЕВНА', '625000 ОБЛ ТЮМЕНСКАЯ   Г ТЮМЕНЬ   УЛ ШИРОТНАЯ д. 23 стр. А', '9292617580'),
(320, 'ПАСКАРЬ АНАСТАСИЯ ГЕННАДЬЕВНА', '625000 ОБЛ ТЮМЕНСКАЯ   Г ТЮМЕНЬ   УЛ МОНТАЖНИКОВ д. 19 корп. 1 кв. 26', '9224616173'),
(321, 'БОРОДИНА ЕЛЕНА ЮРЬЕВНА', '625000 ОБЛ ТЮМЕНСКАЯ   Г ТЮМЕНЬ   УЛ МИХАИЛА ЯЦЕНКО д. 13 кв. 3', '9199565201'),
(322, 'КОВАЛЕВ ВАЛЕРИЙ НИКОЛАЕВИЧ', '454000 ОБЛ ЧЕЛЯБИНСКАЯ Р-Н УЙСКИЙ   С УЙСКОЕ УЛ БАЛМАСОВА д. 6', '9517810625'),
(323, 'ГАНИЕВА ЕЛЕНА ВЛАДИМИРОВНА', '623101 ОБЛ СВЕРДЛОВСКАЯ   Г ПЕРВОУРАЛЬСК   УЛ ВАЙНЕРА д. 13', '9527441313'),
(324, 'АНОХИНА АННА АРКАДЬЕВНА', '620000 ОБЛ СВЕРДЛОВСКАЯ Р-Н НЕВЬЯНСКИЙ   П СЕРЕДОВИНА УЛ МОЛОДЕЖНАЯ д. 2 кв. 1', '+7 (953) 0414667'),
(325, 'БАЙМУРЗИН АХТАР АХАТОВИЧ', '629850 ОБЛ ТЮМЕНСКАЯ Р-Н ПУРОВСКИЙ Г ТАРКО-САЛЕ   ТУП ПРОМЗОНЫ д. 1', '9125121179'),
(326, 'КАШАПОВА ТАТЬЯНА АЛЕКСАНДРОВНА', '450000 РЕСП БАШКОРТОСТАН Р-Н БЛАГОВЕЩЕНСКИЙ   С БОГОРОДСКОЕ УЛ ОСИНОВКА д. 7', '9050060268'),
(327, 'ЯМЗИНА ЛЮБОВЬ ВЯЧЕСЛАВОВНА', '629860 ОБЛ ТЮМЕНСКАЯ Р-Н ПУРОВСКИЙ   ПГТ УРЕНГОЙ МКР ГЕОЛОГ д. 9', '9220516769'),
(328, 'НАКТИНИС НАДЕЖДА АНТОНОВНА', '629800 ОБЛ ТЮМЕНСКАЯ   Г НОЯБРЬСК   УЛ МКР Р д. 151 кв. 3', '9519946666'),
(329, 'ЖЕЛУНИН ЕВГЕНИЙ ВАСИЛЬЕВИЧ', '628464 ОБЛ ТЮМЕНСКАЯ АО ХАНТЫ-МАНСИЙСКИЙ Г РАДУЖНЫЙ   МКР 4-Й д. 1', '9821845936'),
(330, 'КАЛИНИНА ВАЛЕНТИНА АЛЕКСЕЕВНА', '625000 ОБЛ ТЮМЕНСКАЯ   Г ТЮМЕНЬ   УЛ МОСКОВСКИЙ ТРАКТ д. 154 кв. 88', '9526879430'),
(331, 'ИНОЗЕМЦЕВ АЛЕКСАНДР АЛЕКСЕЕВИЧ', '628400 ОБЛ ТЮМЕНСКАЯ АО ХМАО Г СУРГУТ Г СУРГУТ УЛ ЗАПАДНАЯ д. 3 корп. 1', '9227711159'),
(332, 'ВЫДРЕНКОВА ИРИНА АНАТОЛЬЕВНА', '629300 ОБЛ ТЮМЕНСКАЯ   Г НОВЫЙ УРЕНГОЙ   УЛ ЮБИЛЕЙНАЯ д. 1 стр. Д', '9195509719'),
(333, 'ВЕРШИНИНА СВЕТЛАНА ГРИГОРЬЕВНА', '625000 ОБЛ ТЮМЕНСКАЯ     С ЕМБАЕВО УЛ КАЛИНИНА д. 27А', '9829477112'),
(334, 'СОРОКИНА ЛЮБОВЬ СТЕПАНОВНА', '625000 ОБЛ ТЮМЕНСКАЯ   Г ТЮМЕНЬ   УЛ ПАРФЕНОВА д. 17 кв. 59', '9523410163'),
(335, 'ЖУРАВЕЛЬ ЯНА ВАЛЕРЬЕВНА', '625000 ОБЛ ТЮМЕНСКАЯ   Г ТЮМЕНЬ   УЛ МЕЛЬНИКАЙТЕ д. 102', '9091842541'),
(336, 'ВАХНЕР ИРИНА ЮРЬЕВНА', '454000 ОБЛ ЧЕЛЯБИНСКАЯ   Г КОПЕЙСК   УЛ БОРЬБЫ д. 14', '+7 (952) 5247390'),
(337, 'ЛЕПЕШКИНА ОЛЬГА ЮРЬЕВНА', '625000 ОБЛ ТЮМЕНСКАЯ   Г ТЮМЕНЬ   УЛ ХАРЬКОВСКАЯ д. 72', '9058218888'),
(338, 'ХАЙДАРОВ ВАДИМ ДАМИРОВИЧ', '625032 ОБЛ ТЮМЕНСКАЯ   Г СУРГУТ   УЛ ПРОСПЕКТ ЛЕНИНА д. 75', '9821599955'),
(339, 'БУЛЫГИН ГЕОРГИЙ АЛЕКСАНДРОВИЧ', '628481 ОБЛ ТЮМЕНСКАЯ   Г КОГАЛЫМ   УЛ ЦЕНТРАЛЬНАЯ д. 15', '9519782778'),
(340, 'КАНТИМИРОВ ТИМУР НАИЛЕВИЧ', '628187 ОБЛ ТЮМЕНСКАЯ   Г НЯГАНЬ   УЛ 29 д. 1', '9129087511'),
(341, 'ХАЙДУКОВА ОЛЕСЯ АЙДЫНОВНА', '620000 ОБЛ СВЕРДЛОВСКАЯ   Г НИЖНИЙ ТАГИЛ   УЛ КРУПСКАЯ д. 3 стр. 3', '9222264200'),
(342, 'БЕЛЯЕВА АННА АНАТОЛЬЕВНА', '620000 ОБЛ СВЕРДЛОВСКАЯ   Г ВЕРХНЯЯ САЛДА   УЛ ЭНГЕЛЬСА д. 61', '9089290097'),
(343, 'АФАНАСЕНКОВА ЛЮБОВЬ АЛЕКСАНДРОВНА', '628000 ОБЛ ТЮМЕНСКАЯ   Г НЯГОНЬ   МКР 1-Й д. 29 корп. Г', '9828780683'),
(344, 'СЕМЕНИХИНА ЕЛЕНА ВЯЧЕСЛАВОВНА', '456110 ОБЛ ЧЕЛЯБИНСКАЯ Р-Н КАТАВ-ИВАНОВСКИЙ Г КАТАВ-ИВАНОВСК   УЛ КАРАВАЕВА д. 20', '9193571916'),
(345, 'ГАЛАШЕВА НАТАЛЬЯ ВИКТОРОВНА', '454000 ОБЛ ЧЕЛЯБИНСКАЯ   Г МИАСС   УЛ МЕНДЕЛЕЕВА д. 31', '9512320400'),
(346, 'ЮРОВСКИХ ИРИНА АЛЕКСАНДРОВНА', '620026 ОБЛ СВЕРДЛОВСКАЯ   Г ЕКАТЕРИНБУРГ   УЛ ЛУНАЧАРСКОГО д. 215 стр. А', '9122902778'),
(347, 'САЛИМОВА МИЛЯВША МАГАФУРОВНА', '450000 РЕСП БАШКОРТОСТАН   Г УФА   ПР-КТ ОКТЯБРЯ д. 105 корп. 3', '9374782224'),
(348, 'СЕМЕНЧУК СЕРГЕЙ ВЯЧЕСЛАВОВИЧ', '641000 ОБЛ КУРГАНСКАЯ   Г КУРТАМЫШ   УЛ ЛЕНИНА д. 77', '9091452057'),
(349, 'ПОТЕРЯЕВ ВЛАДИМИР МИХАЙЛОВИЧ', '623010 ОБЛ СВЕРДЛОВСКАЯ Р-Н ШАЛИНСКИЙ   П ШАМАРЫ УЛ ПЕРВОМАЙСКАЯ д. 35 кв. 0', '9506525972'),
(350, 'ЖУЛЬМУХАМЕТОВ КУАНШПАЙ УРАМБАСАРОВИЧ', '454000 ОБЛ ЧЕЛЯБИНСКАЯ Р-Н ЧЕСМЕНСКИЙ   П/СТ ПОРТ-АРТУР УЛ СОВЕТСКАЯ д. 9 корп. А', '9512401056'),
(351, 'ГАЛЛЯМОВ МАРАТ НАФИКОВИЧ', '450000 РЕСП БАШКОРТОСТАН   Г УФА   УЛ АКАДЕМИКА КОРОЛЕВА д. 27 кв. 44', '9054477545'),
(352, 'КУЗЬМИН ЛЕОНИД НИКОЛАЕВИЧ', '450000 РЕСП БАШКОРТОСТАН Р-Н ШАРАНСКИЙ   С НОВОЮМАШЕВО УЛ ЦЕНТРАЛЬНАЯ д. 38', '9273528595'),
(353, 'ФАССАЛОВА ДИЛАРА АХТАРОВНА', '450000 РЕСП БАШКОРТОСТАН   Г УФА   УЛ ДОСТОЕВСКОГО д. 68', '9610392666'),
(354, 'КИЗЯЕВ ДМИТРИЙ ЕВГЕНЬЕВИЧ', '454000 ОБЛ ЧЕЛЯБИНСКАЯ   Г МАГНИТОГОРКС   УЛ ПУШКИНА д. 6', '9678688388'),
(355, 'МАКСИМЕНКО ДМИТРИЙ МИХАЙЛОВИЧ', '628600 ОБЛ ТЮМЕНСКАЯ   Г НИЖНЕВАРТОВСК   УЛ НВГПК', '9124162533'),
(356, 'ОГНЕВА ВЕРА АНАТОЛЬЕВНА', '627070 ОБЛ ТЮМЕНСКАЯ Р-Н ОМУТИНСКИЙ   С ОМУТИНСКОЕ УЛ ПРИВОКЗАЛЬНАЯ д. 104', '9199466628'),
(357, 'АНТРОПОВА АНАСТАСИЯ ДМИТРИЕВНА', '628000 ОБЛ ТЮМЕНСКАЯ   Г ХАНТЫ-МАНСИЙСК   УЛ ЧЕХОВА д. 16', '9655405545'),
(358, 'БАБИКОВА АЛИНА ЯРОСЛАВОВНА', '629303 ОБЛ ТЮМЕНСКАЯ   Г НОВЫЙ УРЕНГОЙ   ПР-КТ ГУБКИНА д. 28 офис 40', '9222851150'),
(359, 'НОВОСЕЛОВ ИВАН ВЛАДИМИРОВИЧ', '628672 ОБЛ ТЮМЕНСКАЯ     Г ЛАНГЕПАС УЛ СОЛНЕЧНАЯ д. 21 стр. 1', '9044860586'),
(360, 'РЕСНЯНСКАЯ НАДЕЖДА АЛЕКСАНДРОВНА', '620000 ОБЛ СВЕРДЛОВСКАЯ     Г ЕКАТЕРИНБУРГ УЛ 8 МАРТА д. 36', '9122826237'),
(361, 'ПОВЫШЕВА НАТАЛЬЯ ПАВЛОВНА', '628331 ОБЛ ТЮМЕНСКАЯ Р-Н НЕФТЕЮГАНСКИЙ   П ПОЙКОВСКИЙ УЛ КОМСОМОЛЬСКАЯ д. 82', '9825094718'),
(362, 'ФИНАЕВ ВЛАДИМИР АНДРЕЕВИЧ', '628672 ОБЛ ТЮМЕНСКАЯ     Г ЛАНГЕПАС УЛ СЕВЕРНАЯ ПРОМЗОНА д. 7', '9236890092'),
(363, 'ШАРАПОВ ВЛАДИСЛАВ АЛЕКСЕЕВИЧ', '625000 ОБЛ ТЮМЕНСКАЯ   Г ТЮМЕНЬ   УЛ 15 КМ ТОБОЛЬСКОГО ТРАКТА', '9058219457'),
(364, 'БУРМИСТРОВА ИРИНА АЛЕКСАНДРОВНА', '625000 ОБЛ ТЮМЕНСКАЯ ОБЛАСТЬ   Г ТЮМЕНЬ   УЛ ВОЛГОГРАДСКАЯ д. 119 кв. 54', '9129238255'),
(365, 'ВАСИЛЬЕВА МАРИНА ВАЛЕРЬЕВНА', '625000 ОБЛ ТЮМЕНСКАЯ   Г ТЮМЕНЬ   УЛ ЩЕРБАКОВА д. 205 стр. А', '9120783505'),
(366, 'МАТВЕЕВА АЛЛА ВАСИЛЬЕВНА', '625000 ОБЛ ТЮМЕНСКАЯ   Г ТЮМЕНЬ   УЛ ГЕОЛОГОРАЗВЕДЧИКОВ д. 1 стр. 1', '9044960163'),
(367, 'ХАЙРУЛЛИН ЭМИЛЬ РАСИХОВИЧ', '629000 АО ЯМАЛО-НЕНЕЦКИЙ   Г МУРАВЛЕНКО   УЛ ЛЕНИНА д. 84', '9320500086'),
(368, 'НАДИРАШВИЛИ НАТО ДЖЕМАЛОВНА', '628285 ОБЛ ТЮМЕНСКАЯ   Г УРАЙ   МКР 2 д. 88', '+7 (982) 8829891'),
(369, 'ЛЕЩЕНКО ЛЮДМИЛА ВИКТОРОВНА', '628400 ОБЛ ТЮМЕНСКАЯ     П СОЛНЕЧНЫЙ ПЕР ТРАССОВЫЙ д. 7А', '9224224352'),
(370, 'АНДРЕЕВ АЛЕКСЕЙ ВЛАДИМИРОВИЧ', '628600 ОБЛ ТЮМЕНСКАЯ   Г НИЖНЕВАРТОВСК   УЛ ПЕРМСКАЯ д. 16 корп. Б кв. 17', '9226553064'),
(371, 'НОЗДРИН ИГОРЬ СЕРГЕЕВИЧ', '623000 КРАЙ АЛТАЙСКИЙ     С ПОСПЕЛИХА УЛ ВОКЗАЛЬНАЯ д. 115', '9227930015'),
(372, 'ЧАНБАЕВА ЛАРИСА ХУСАИНОВНА', '628000 ОБЛ ТЮМЕНСКАЯ   Г ХАНТЫ-МАНСИЙСК   УЛ ОБЪЕЗДНАЯ д. 55', '+7 (952) 7173727'),
(373, 'ХАРЬКОВА ОЛЬГА ВЛАДИМИРОВНА', '625000 ОБЛ ТЮМЕНСКАЯ Р-Н ТЮМЕСНКИЙ Г ТЮМЕНЬ   УЛ ХОЛОДИЛЬНАЯ д. 138', '9324890025'),
(374, 'ЛЮТАШИН ВИТАЛИЙ СЕРГЕЕВИЧ', '628624 ОБЛ ТЮМЕНСКАЯ   Г НИЖНЕВАРТОВСК   УЛ ГЕРОЕВ САМОТЛОРА д. 18 кв. 13', '9028585810'),
(375, 'ДРУГАНОВ АЛЕКСАНДР АНАТОЛЬЕВИЧ', '625000 ОБЛ ТЮМЕНСКАЯ   Г ТЮМЕНЬ   УЛ ВЕТЕРАНОВ ТРУДА д. 11', '9123960082'),
(376, 'НУРСАДЫКОВА ЛАЗЗАТ НУРГОЖИЕВНА', '625000 ОБЛ ТЮМЕНСКАЯ Р-Н ТЮМЕНСКИЙ Г ТЮМЕНЬ   УЛ ТОБОЛЬСКИЙ ТРАКТ д. 103', '9630571763'),
(377, 'ЯБЛОКОВА ИРИНА АЛЕКСАНДРОВНА', '625000 ОБЛ ТЮМЕНСКАЯ   Г ТЮМЕНЬ   УЛ ПРОЕЗД ЗАРЕЧНЫЙ д. 6 стр. 2 корп. 4', '9129975305'),
(378, 'ЗАВГОРОДНИЙ СТАНИСЛАВ СЕРГЕЕВИЧ', '625000 ОБЛ ТЮМЕНСКАЯ   Г НИЖНЕВАРТОВСК   УЛ 2П2 ЗАПАДНЫЙ ПРОМЫШЛЕННЫЙ УЗЕЛ д. 97 стр. 3', '9825223617'),
(379, 'СОЛОВЬЕВ ИВАН ГЕННАДЬЕВИЧ', '629300 ОБЛ ТЮМЕНСКАЯ Р-Н ЯНАО Г НОВЫЙ УРЕНГОЙ НП НОВЫЙ УРЕНГОЙ УЛ ГЕОЛОГОРАЗВЕДЧИКОВ д. 16 корп. Г к', '+7 (909) 1988486'),
(380, 'КОТОВА ВИКТОРИЯ СЕРГЕЕВНА', '628690 ОБЛ ТЮМЕНСКАЯ   П ВЫСОКИЙ   УЛ СОВЕТСКАЯ д. 15', '9044569828'),
(381, 'ШУМИЛОВ ЮРИЙ НИКОЛАЕВИЧ', '628300 ОБЛ ТЮМЕНСКАЯ   Г НЕФТЕЮГАНСК   МКР 14', '9964457463'),
(382, 'КИСТРУГА АЛЕКСАНДР ФЕДОРОВИЧ', '628181 ОБЛ ТЮМЕНСКАЯ   Г НЯГАНЬ   ПРОЕЗД 6', '9227613131'),
(383, 'САТКЕЕВА ЕВГЕНИЯ ВИКТОРОВНА', '625046 ОБЛ ТЮМЕНСКАЯ   Г ТЮМЕНЬ   УЛ ШИРОТНАЯ д. 115', '9698000310'),
(384, 'СКИПИНА ЛЮБОВЬ ПАВЛОВНА', '625550 ОБЛ ТЮМЕНСКАЯ Р-Н ТЮМЕНСКИЙ   П БОРОВСКИЙ УЛ ОСТРОВСКОГО д. 1А', '9199220312'),
(385, 'СУРМАЛЯН СУМБАТ ВАРАЗДАТОВИЧ', '625000 ОБЛ ТЮМЕНСКАЯ   Г ТЮМЕНЬ   УЛ МАЛЫГИНА д. 49 корп. 1', '9961347373'),
(386, 'СКОРОБОГАТОВ АЛЕКСАНДР ЮРЬЕВИЧ', '625000 ОБЛ ТЮМЕНСКАЯ   Г ТЮМЕНЬ   УЛ БАКИНСКИХ КОММИСАРОВ д. 5', '9995499651'),
(387, 'САВЕЛЬЕВ СЕРГЕЙ АНАТОЛЬЕВИЧ', '629000 АО ЯМАЛО-НЕНЕЦКИЙ   Г МУРАВЛЕНКО   УЛ ГУБКИНА д. 4', '9199460024'),
(388, 'РИРАХОВСКАЯ АНАСТАСИЯ ЯРОСЛАВОВНА', '625000 ОБЛ ТЮМЕНСКАЯ   Г ТЮМЕНЬ   УЛ 50 ЛЕТ ВЛКСМ д. 13 корп. 2', '9058264478'),
(389, 'КУДРЯШОВ АЛЕКСАНДР ВЛАДИМИРОВИЧ', '628600 ОБЛ ТЮМЕНСКАЯ   Г НИЖНЕВАРТОВСК   УЛ ИНТЕРНАЦИОНАЛЬНАЯ д. 8 Б кв. 8', '9028512058'),
(390, 'ХАЛИКОВА АЛЬФИЯ РАХИМОВНА', '626150 ОБЛ ТЮМЕНСКАЯ   Г ТОБОЛЬСК   УЛ ЗНАМЕНСКОГО д. 62', '9829759569'),
(391, 'ЗУЕВ АЛЕКСЕЙ НИКОЛАЕВИЧ', '628400 ОБЛ ТЮМЕНСКАЯ Р-Н СУРГУТСКИЙ Г СУРГУТ   УЛ ИНДУСТРИАЛЬНАЯ д. 41', '9044863315'),
(392, 'ЛЫСЮК АНАСТАСИЯ НИКОЛАЕВНА', '628260 ОБЛ ТЮМЕНСКАЯ   Г ЮГОРСК   УЛ ОКТЯБРЬСКАЯ д. 2', '9215764717'),
(393, 'БОГОСЛАВСКАЯ ИРИНА ВАЛЕРЬЕВНА', '628240 ОБЛ ТЮМЕНСКАЯ АО ХМАО Г СОВЕТСКИЙ Г СОВЕТСКИЙ УЛ КИЕВСКАЯ д. 26', '9048853695'),
(394, 'ГАЛКИН ЕВГЕНИЙ АНАТОЛЬЕВИЧ', '628600 ОБЛ ТЮМЕНСКАЯ   Г РАДУЖНЫЙ   УЛ ПРОМЫШЛЕННАЯ д. 27', '9224215309'),
(395, 'ДМИТРИЕВ АЛЕКСАНДР СЕРГЕЕВИЧ', '625000 ОБЛ ТЮМЕНСКАЯ   Г ТЮМЕНЬ   УЛ ПЕРМЯКОВА д. 1 корп. 5', '9129288412'),
(396, 'ЕРЕМИНА ДИАНА РОМАНОВНА', '628600 ОБЛ ТЮМЕНСКАЯ   Г НИЖНЕВАРТОВСК   УЛ ИНДУСТРИАЛЬНАЯ д. 107 стр. 1', '9324004609'),
(397, 'СОКОЛОВА ИРИНА ВАСИЛЬЕВНА', '628183 ОБЛ ТЮМЕНСКАЯ   Г НЯГАНЬ   УЛ СИБИРСКАЯ', '9088866851'),
(398, 'ДМИТРИЕВА РАМИЛЯ ЛИНАРОВНА', '625000 ОБЛ ТЮМЕНСКАЯ   Г ТЮМЕНЬ   УЛ 50 ЛЕТ ОКТЯБРЯ д. 14', '9523444605'),
(399, 'МИШАГИН ВИТАЛИЙ МИХАЙЛОВИЧ', '628400 ОБЛ ТЮМЕНСКАЯ   Г СУРГУТ   УЛ КАРОЛИНСКОГО д. 13', '9224422364'),
(400, 'ВАХРУШЕВ ИВАН ПАНТИЛЕЕВИЧ', '628000 ОБЛ ИРКУТСКАЯ   Г УСТЬ-КУТ   УЛ КИРОВА д. 77', '9527210449'),
(401, 'САМКОВА ГАЛИНА ВАСИЛЬЕВНА', '628672 ОБЛ ТЮМЕНСКАЯ   Г ЛАНГЕПАС   УЛ ДРУЖБЫ НАРОДОВ д. 27', '9224446514'),
(402, 'РООТ КОНСТАНТИН ИГОРЕВИЧ', '999999 Г НЕ УКАЗАН         д. 1', '9227813916'),
(403, 'ЗАКОМАЛДИН ВЛАДИМИР НИКОЛАЕВИЧ', '625000 ОБЛ ТЮМЕНСКАЯ   Г ТЮМЕНЬ   УЛ ХАРЬКОВСКАЯ д. 78', '9504855843'),
(404, 'ИОВЛЕВА МАРИЯ АЛЕКСАНДРОВНА', '629405 ОБЛ ТЮМЕНСКАЯ АО ЯМАЛО-НЕНЕЦКИЙ Г ЛАБЫТНАНГИ   УЛ ХАНМЕЙСКОЕ ШОССЕ д. 1', '9821654810'),
(405, 'БОЙВАЛЕНКО ТАТЬЯНА ВИКТОРОВНА', '629000 ОБЛ ТЮМЕНСКАЯ   Г САЛЕХАРД   УЛ МАТРОСОВА д. 7', '9124313253'),
(406, 'РЯЗАНЦЕВ АЛЕКСЕЙ ИГОРЕВИЧ', '628300 ОБЛ ТЮМЕНСКАЯ АО ХМАО-ЮГРА Г НЕФТЕЮГАНСК   УЛ ЖИЛАЯ стр. 20', '9822138869'),
(407, 'ИСАКОВА ИРИНА СЕРГЕЕВНА', '628600 ОБЛ ТЮМЕНСКАЯ   Г НИЖНЕВАРТОВСК   УЛ ЧАПАЕВА д. 27', '9195359400'),
(408, 'МЕЖНОВ АРТЕМ АЛЕКСЕЕВИЧ', '628600 ОБЛ ТЮМЕНСКАЯ   Г НИЖНЕВАРТОВСК   УЛ ИНДУСТРИАЛЬНАЯ д. 12', '9125332396'),
(409, 'ГАВРИЛЕНКО ЮЛИЯ СЕРГЕЕВНА', '628285 ОБЛ ТЮМЕНСКАЯ АО ХМАО Г УРАЙ   МКР 2 д. 60', '9044827388'),
(410, 'СМИРНОВ ОЛЕГ ВЛАДИМИРОВИЧ', '629350 ОБЛ ТЮМЕНСКАЯ Р-Н ПУРОВСКИЙ Г ТАРКО-САЛЕ   УЛ АЙВАСЕДА д. 10', '9822609512'),
(411, 'ИВАЩЕНКО АННА АЛЕКСАНДРОВНА', '628433 ОБЛ ТЮМЕНСКАЯ Р-Н СУРГУТСКИЙ   П СОЛНЕЧНЫЙ УЛ ЮНОСТИ д. 1', '9227695508'),
(412, 'ТРОФИМОВА НИНА ЗИФАРОВНА', '625000 ОБЛ ТЮМЕНСКАЯ   Г ТЮМЕНЬ   УЛ Р. ЛЮКСЕНБУРГА д. 12 корп. 7', '9129250901'),
(413, 'ДЖУРАЕВ ХАЛИМ АБДУЖАЛИЛОВИЧ', '629800 ОБЛ ТЮМЕНСКАЯ   Г НОЯБРЬСК   УЛ ШЕВЧЕНКО д. 131 кв. 24', '9220914444'),
(414, 'КУЛЬМАМЕТЬЕВ ДИНАР САТЫХОВИЧ', '626150 ОБЛ ТЮМЕНСКАЯ   Г ТОБОЛЬСК   УЛ РАДИЩЕВА д. 21', '9199275471'),
(415, 'МИНИНА ГАЛИНА АЛЕКСАНДРОВНА', '628300 ОБЛ ТЮМЕНСКАЯ АО ХАНТЫ-МАНСИЙСКИЙ Г ХАНТЫ-МАНСИЙСКИЙ   УЛ СТУДЕНЧЕСКАЯ д. 15А', '9129034812'),
(416, 'ФИЛИМОНОВ СЕРГЕЙ АЛЕКСАНДРОВИЧ', '625000 ОБЛ ТЮМЕНСКАЯ   Г ТЮМЕНЬ   УЛ БАКИНСКИХ КОМИССАРОВ д. 7', '9044969086'),
(417, 'КОЖАЕВ ЕВГЕНИЙ АЛФИЕВИЧ', '628327 ОБЛ ТЮМЕНСКАЯ Р-Н НЕФТЕЮГАНСКИЙ   П САЛЫМ УЛ МАЙСКАЯ д. 21 кв. 2', '9226591415'),
(418, 'ЯРУЛЛИНА ЛАРИСА АЛЕКСЕЕВНА', '628600 ОБЛ ТЮМЕНСКАЯ   Г НИЖНЕВАРТОВСК   УЛ ИНДУСТРИАЛЬНАЯ д. 44А стр. 1', '9048822275'),
(419, 'ЛЕБЕДЕВА НАТАЛЬЯ АНАТОЛЬЕВНА', '628000 ОБЛ ТЮМЕНСКАЯ   Г ХАНТЫ-МАНСИЙСК   УЛ ШЕВЧЕНКО д. 8', '9825593930'),
(420, 'ГАБДУЛЛИН РИНАТ МАРАТОВИЧ', '628600 ОБЛ ТЮМЕНСКАЯ   Г НИЖНЕВАРТОВСК   УЛ ИНДУСТРИАЛЬНАЯ д. 29 стр. 18', '9227929009'),
(421, 'ГАМЗА АЛИНА МАРАТОВНА', '625000 ОБЛ ТЮМЕНСКАЯ   Г ТЮМЕНЬ   УЛ СТАНЦИОННАЯ д. 22', '9222695107'),
(422, 'КОВЕЛИН ВИКТОР ПЕТРОВИЧ', '641920 ОБЛ КУРГАНСКАЯ Р-Н КАРГАПОЛЬСКИЙ   РП КАРГАПОЛЬЕ УЛ ГАГАРИНА д. 2Е', '9195605522'),
(423, 'МАЛАХОВА АННА АЛЕКСАНДРОВНА', '628000 ОБЛ ТЮМЕНСКАЯ   Г ХАНТЫ-МАНСИЙСК   УЛ РОЗНИНА д. 75', '9088830323'),
(424, 'РАФИКОВ МАСГУТ ШАВКАТОВИЧ', '450000 РЕСП БАШКОРТОСТАН Р-Н МИЯКИНСКИЙ   С КИРГИЗ-МИЯКИ УЛ ЛЕНИНА д. 23', '9273316477'),
(425, 'НИЗАМОВА ДИЛАРА РИНАТОВНА', '450000 РЕСП БАШКОРТОСТАН   Г УФА   Б-Р ДУВАНСКИЙ д. 21 корп. 1 кв. 80', '9174377829'),
(426, 'ВАЛИЕВ ВИЛЬДАН РАУЗИЛОВИЧ', '450000 ОБЛ ТЮМЕНСКАЯ   Г НЕФТЕЮГАНСК   УЛ СУРГУТСКАЯ д. 7', '9177369428'),
(427, 'ПЕТРОВА НАДЕЖДА ВИКТОРОВНА', '628400 ОБЛ ТЮМЕНСКАЯ   Г СУРГУТ   УЛ КРЫЛОВА д. 26', '9821809070'),
(428, 'СКОРОСПЕШЕВА ГАЛИНА ВАЛЕНТИНОВНА', '620000 ОБЛ СВЕРДЛОВСКАЯ   Г ЕКАТЕРИНБУРГ   УЛ АЗИНА д. 24', '9122263250'),
(429, 'ШЕИНА КЛАВДИЯ СЕРГЕЕВНА', '628400 ОБЛ ТЮМЕНСКАЯ   Г СУРГУТ   УЛ АЭРОФЛОТСКАЯ д. 50', '9841070056'),
(430, 'ЛИТВИНОВА ГАЛИНА ЮРЬЕВНА', '450000 РЕСП БАШКОРТОСТАН   Г УФА   УЛ МЕНДЕЛЕЕВА д. 130', '9177614620'),
(431, 'КУЗНЕЦОВ СЕРГЕЙ ВИКТОРОВИЧ', '641870 ОБЛ КУРГАНСКАЯ Р-Н ШАДРИНСКИЙ   Д ДЕМЬЯНА БЕДНОГО УЛ НОВАЯ д. 5', '9195727516'),
(432, 'НОСКОВА МАРИНА ЕВГЕНЬЕВНА', '454000 ОБЛ ЧЕЛЯБИНСКАЯ   Г МИАСС   ПР-КТ АВТОЗАВОДЦЕВ д. 57', '9043022808'),
(433, 'ШВЕЦОВ ПАВЕЛ НИКОЛАЕВИЧ', '453250 РЕСП БАШКОРТОСТАН   Г САЛАВАТ   УЛ МОЛОДОГВАРДЕЙЦЕВ д. 25', '9177800107'),
(434, 'ЕРМИЕНКО МИХАИЛ ВЛАДИМИРОВИЧ', '454000 ОБЛ ЧЕЛЯБИНСКАЯ   Г ЧЕЛЯБИНСК   УЛ КОПЕЙСКОЕ ШОССЕ д. 36Б', '9525192046');
INSERT INTO `customers` (`id`, `name`, `address`, `phone`) VALUES
(435, 'МИННИГАЗИН АЗАТ КАРЫЕВИЧ', '450000 РЕСП БАШКОРТОСТАН Р-Н БАКАЛИНСКИЙ   С БАКАЛЫ УЛ ТУКАЯ д. 31', '+7 (917) 7394277'),
(436, 'РОМАНОВА НАТАЛЬЯ АЛЕКСАНДРОВНА', '450000 РЕСП БАШКОРТОСТАН   Г УФА   УЛ ВОЛОГОДСКАЯ д. 13', '9170413553'),
(437, 'ПЕСТЕРЕВ НИКОЛАЙ АЛЕКСАНДРОВИЧ', '641000 ОБЛ КУРГАНСКАЯ   Г КУРГАН   УЛ БУРОВА-ПЕТРОВА д. 5', '9080091901'),
(438, 'КОРОЛЬКОВА ВАЛЕНТИНА МИХАЙЛОВНА', '622000 ОБЛ СВЕРДЛОВСКАЯ   Г Н ТАГИЛ   УЛ КРАСНОАРМЕЙСКАЯ д. 1 кв. А', '+7 (912) 2819154'),
(439, 'ЧЕРНЫШЕВ КОНСТАНТИН МИХАЙЛОВИЧ', '629350 ОБЛ ТЮМЕНСКАЯ Р-Н ТАЗОВСКИЙ   П ТАЗОВСКИЙ УЛ НЕТ', '9088597250'),
(440, 'ПАДЕНКО ЯНА ОЛЕГОВНА', '628400 ОБЛ ТЮМЕНСКАЯ   Г СУРГУТ   УЛ ГУБКИНА д. 13А', '9222541915'),
(441, 'САУШКИНА НАТАЛЬЯ АЛЕКСАНДРОВНА', '620000 ОБЛ СВЕРДЛОВСКАЯ     Г БОГДАНОВИЧ УЛ ГАГАРИНА д. 2А', '9049802347'),
(442, 'КРАВЧИК ЕКАТЕРИНА АНДРЕЕВНА', '620000 ОБЛ СВЕРДЛОВСКАЯ   Г КУШВА   УЛ КОММУНЫ д. 37', '9045411807'),
(443, 'НОВИКОВА ИННА ВЛАДИМИРОВНА', '627750 ОБЛ ТЮМЕНСКАЯ   Г ИШИМ   УЛ К. МАРКСА д. 4А', '9123919243'),
(444, 'МЯКОТИНА ЛЮДМИЛА СЕМЕНОВНА', '457350 ОБЛ ЧЕЛЯБИНСКАЯ Р-Н КАРТАЛИНСКИЙ Г КАРТАЛЫ   УЛ СЛАВЫ д. 0 офис 0 кв. 0', '9193538782'),
(445, 'АРАПОВ ЮРИЙ АНДРЕЕВИЧ', '620000 ОБЛ СВЕРДЛОВСКАЯ   Г ЕКАТЕРИНБУРГ   УЛ БАЖОВА д. 193 офис 404', '9821084075'),
(446, 'КУЗНЕЦОВА ЛАРИСА ЕВГЕНЬЕВНА', '450000 РЕСП БАШКОРТОСТАН   Г УФА   УЛ КОМСОМОЛЬСКАЯ д. 138 кв. 68', '9173824016'),
(447, 'САТЫЛГАНОВ БАХЫТЖАН УСИПБАЕВИЧ', '928400 АО ХАНТЫ-МАНСИЙСКИЙ АВТОНОМНЫЙ ОКРУГ-ЮГРА   Г СУРГУТ   УЛ МАЙСКАЯ д. 8/1', '9129080097'),
(448, 'БОЙКО НИКОЛАЙ АЛЕКСАНДРОВИЧ', '454000 ОБЛ ЧЕЛЯБИНСКАЯ   Г ЧЕЛЯБИНСК   УЛ ТРОИЦКИЙ ТРАКТ д. 16 стр. А', '9227235660'),
(449, 'ПОПЦОВА НАТАЛЬЯ АЛЕКСЕЕВНА', '620000 ОБЛ СВЕРДЛОВСКАЯ   Г ЕКАТЕРИНБУРГ   УЛ МАЛЫШЕВА д. 30', '9043823209'),
(450, 'КАНДАУРОВА ДАРЬЯ ВЛАДИМИРОВНА', '454000 ОБЛ ЧЕЛЯБИНСКАЯ   Г ЧЕБАРКУЛЬ   УЛ 9 МАЯ д. 7', '9511103347'),
(451, 'РАХМАТУЛЛИНА ГУЛЬНАРА ТУХВАТОВНА', '450000 РЕСП БАШКОРТОСТАН   Г УФА   УЛ МЕНДЕЛЕЕВА д. 155', '9174124793'),
(452, 'АКИШЕВА ЕЛЕНА АЛЕКСАНДРОВНА', '620000 ОБЛ СВЕРДЛОВСКАЯ   Г ВЕРХНЯЯ САЛДА   УЛ КАРЛА МАРКСА д. 3', '9221631640'),
(453, 'ЕЛЬЦОВА АДЕЛИНА АЙРАТОВНА', '628000 ОБЛ ТЮМЕНСКАЯ   Г ХАНТЫ-МАНСИЙСК   УЛ МИРА д. 13', '9824156330'),
(454, 'РЕЙХЕРТ СЕРГЕЙ АНАТОЛЬЕВИЧ', '629300 ОБЛ ТЮМЕНСКАЯ   Г НОВЫЙ УРЕНГОЙ   УЛ ТАЕЖНАЯ д. 27', '+7 (922) 0051595'),
(455, 'ФАТЕЕВА СНЕЖАНА СЕРГЕЕВНА', '628000 ОБЛ ТЮМЕНСКАЯ   Г ХАНТЫ-МАНСИЙСК   УЛ МИРА д. 34', '9028193700'),
(456, 'ЖЕЛТЫШЕВ АЛЕКСАНДР СЕРГЕЕВИЧ', '625000 ОБЛ ТЮМЕНСКАЯ   Г ТЮМЕНЬ   УЛ ТРАНСПОРТНАЯ д. 108 офис 203', '9829407843'),
(457, 'КАЗАКОВ ВЯЧЕСЛАВ АЛЕКСАНДРОВИЧ', '620000 ОБЛ СВЕРДЛОВСКАЯ   Г ЕКАТЕРИНБУРГ   УЛ ПЕРВОМАЙСКАЯ д. 15 корп. А', '9222936554'),
(458, 'БЛЕДНОВА ОЛЬГА АЛЬБЕРТОВНА', '456550 ОБЛ ЧЕЛЯБИНСКАЯ   Г КОРКИНО   ПР-КТ ГОРНЯКОВ д. 8А', '9507378522'),
(459, 'КОШЕЛЕВА НАТАЛЬЯ ВИКТОРОВНА', '641000 ОБЛ КУРГАНСКАЯ   Г КУРГАН   УЛ РАДИОНОВА д. 17', '9129715920'),
(460, 'ХОРОШИХ ВИКТОР ИВАНОВИЧ', '620000 ОБЛ СВЕРДЛОВСКАЯ   Г ЕКАТЕРИНБУРГ   УЛ СИРЕНЕВЫЙ БУЛЬВАР д. 7 кв. 178', '+7 (912) 2686319'),
(461, 'ТУЛЯНОВА КРИСТИНА ОЛЕГОВНА', '620000 ОБЛ СВЕРДЛОВСКАЯ Р-Н СЫСЕРТСКИЙ   С ЩЕЛКУН УЛ ГАГАРИНА д. 10', '+7 (950) 1935942'),
(462, 'СЕРГЕЕВА АЛЛА АНАТОЛЬЕВНА', '450000 РЕСП БАШКОРТОСТАН   Г УФА   УЛ УФА д. 1', '9173486663'),
(463, 'ВАРСЕГОВА ТАТЬЯНА НИКОЛАЕВНА', '641000 ОБЛ КУРГАНСКАЯ   Г КУРГАН   УЛ М.УЛЬЯНОВОЙ д. 6', '9617519158'),
(464, 'ТАЙЩИКОВА МАХАБАТ РАИМБЕКОВНА', '457217 ОБЛ ЧЕЛЯБИНСКАЯ Р-Н ВАРНЕНСКИЙ   С АЛЕКСЕЕВКА УЛ ШКОЛЬНАЯ д. 1', '9193347460'),
(465, 'РЯЗАНОВА ЕКАТЕРИНА АНДРЕЕВНА', '620000 ОБЛ СВЕРДЛОВСКАЯ   Г ЕКАТЕРИНБУРГ   УЛ БАХЧИВАНДЖИ д. 2', '9530543927'),
(466, 'САФИНА ЭЛЬМИРА РИМОВНА', '456913 ОБЛ ЧЕЛЯБИНСКАЯ   Г САТКА   УЛ СОЛНЕЧНАЯ д. 34', '9525141027'),
(467, 'ДОНСКИХ АНАСТАСИЯ ЮРЬЕВНА', '641000 ОБЛ КУРГАНСКАЯ   Г КУРГАН   МКР 2 д. 12', '+7 (951) 2702757'),
(468, 'МЯГЕЛЬ ИРИНА ИВАНОВНА', '620000 ОБЛ СВЕРДЛОВСКАЯ   Г ЕКАТЕРИНБУРГ   УЛ РОЗЫ ЛЮКСЕМБУРГ д. 49', '9637567016'),
(469, 'СОБОЛЬ АЛИНА ЗИНУРОВНА', '629300 ОБЛ ТЮМЕНСКАЯ АО ЯМАЛО-НЕНЕЦКИЙ Г НОВЫЙ УРЕНГОЙ   УЛ МОЛОДЕЖНАЯ д. 17 стр. А', '9124269020'),
(470, 'БАЖЕНОВ ДМИТРИЙ АНДРЕЕВИЧ', '625000 ОБЛ ТЮМЕНСКАЯ   Г ТЮМЕНЬ   УЛ 50 ЛЕТ ВЛКСМ д. 109', '9323235666'),
(471, 'БОРОДИНА ОЛЬГА АЛЕКСЕЕВНА', '624350 ОБЛ СВЕРДЛОВСКАЯ   Г КАЧКАНАР   УЛ СВЕРДЛОВА', '9826501426'),
(472, 'ОЛЕЙНИКОВ МИХАИЛ ЛЕОНИДОВИЧ', '450000 РЕСП БАШКОРТОСТАН   Г УФА   УЛ КАРЛА МАРКСА д. 58', '9272326234'),
(473, 'КОВАЛЕВ АЛЕКСАНДР ВЛАДИМИРОВИЧ', '620000 ОБЛ СВЕРДЛОВСКАЯ   Г РЕВДА   УЛ ПАВЛА ЗЫКИНА д. 30', '9126130631'),
(474, 'МИХАЙЛОВА НАТАЛЬЯ ВЯЧЕСЛАВОВНА', '628405 АО ХАНТЫ-МАНСИЙСКИЙ   Г СУРГУТ   УЛ ЮГОРСКАЯ д. 34', '+7 (902) 4937840'),
(475, 'АКШЕВ РЕНАТ ГАРЯФЕТДИНОВИЧ', '628600 ОБЛ ТЮМЕНСКАЯ АО ХМАО Г НИЖНЕВАРТОВСК   УЛ ЛЕНИНА д. 4', '9129309777'),
(476, 'БЕЛЯКОВА ЛЮДМИЛА ВИКТОРОВНА', '625000 ОБЛ ТЮМЕНСКАЯ   Г ТЮМЕНЬ   УЛ ЧЕРЕПАНОВА д. 29', '9222696980'),
(477, 'ПЕРШИНА ОЛЬГА ВЛАДИМИРОВНА', '620000 ОБЛ СВЕРДЛОВСКАЯ   Г ЕКАТЕРИНБУРГ   УЛ ВОССТАНИЯ д. 50', '9678534472'),
(478, 'ШИШМАКОВА ТАТЬЯНА ПЕТРОВНА', '624140 ОБЛ СВЕРДЛОВСКАЯ   Г КИРОВГРАД   УЛ БУЛЬВАР ЦЕНТРАЛЬНЫЙ д. 2 корп. 1 кв. 40', '+7 (922) 6085181'),
(479, 'ФИРУЛЕВ ВЛАДИМИР АРКАДЬЕВИЧ', '620014 ОБЛ СВЕРДЛОВСКАЯ   Г ЕКАТЕРИНБУРГ   ПЕР ТЕАТРАЛЬНЫЙ д. 4', '9024453219'),
(480, 'СОЛОМИН ЕВГЕНИЙ ВАСИЛЬЕВИЧ', '450000 РЕСП БАШКОРТОСТАН   Г УФА   УЛ ЛЕВИТАНА д. 22 стр. 4', '9174472321'),
(481, 'БАЛАГУТДИНОВА ЛИЛИЯ НАФКАТОВНА', '450000 РЕСП БАШКОРТОСТАН Р-Н ТАТЫШЛИНСКИЙ   С ТАТЫШЛЫ УЛ ЛЕНИНА д. 89', '9373431902'),
(482, 'ИДРИСОВ РУСТАМ РАШИТОВИЧ', '450000 РЕСП БАШКОРТОСТАН   Г УФА   УЛ МАРШАЛА ЖУКОВО д. 14', '9870531622'),
(483, 'ТОЛСТЕНЕВ ВЛАДИМИР АЛЕКСАНДРОВИЧ', '628600 ОБЛ ТЮМЕНСКАЯ   ПГТ ИЗЛУЧИНСК   УЛ ТАЕЖНАЯ д. 10 кв. 93', '9129334280'),
(484, 'ЛЕБЕДЕВА СВЕТЛАНА ГЕННАДЬЕВНА', '626150 ОБЛ ТЮМЕНСКАЯ   Г ТОБОЛЬСК   МКР 7 д. 0', '9827776387'),
(485, 'ИОНОВ ВАЛЕРИЙ ЛЕОНИДОВИЧ', '628600 ОБЛ ТЮМЕНСКАЯ     Д ВЕРХНЯЯ ПОЛДНЕВАЯ УЛ КУНАВИНА д. 40', '+7 (952) 1488843'),
(486, 'РОМАНЧУК ИВАН ИВАНОВИЧ', '641000 ОБЛ КУРГАНСКАЯ   Г ШАДРИНСК   УЛ РАЗВИНА д. 97 кв. 70', '9195871412'),
(487, 'ХАКИМОВ УРАЛ УРАЛОВИЧ', '450000 РЕСП БАШКОРТОСТАН   Г УФА   УЛ МАЛАЯ СИЛИКАТНАЯ д. 31', '9177318102'),
(488, 'КОЧЕРГИНА ЕЛЕНА НИКОЛАЕВНА', '453850 РЕСП БАШКОРТОСТАН Р-Н МЕЛЕУЗОВСКИЙ Г МЕЛЕУЗ   УЛ ПРАВДЫ д. 4 кв. 5', '9279246032'),
(489, 'ЦЫПЛЯТНИКОВА НИНА АРКАДЬЕВНА', '620000 ОБЛ СВЕРДЛОВСКАЯ   Г ЕКАТЕРИНБУРГ   УЛ ЧКАЛОВА', '9045411941'),
(490, 'КАМАЛЕТДИНОВА АЛЬБИНА ШАЙХЕТДИНОВНА', '626150 ОБЛ ТЮМЕНСКАЯ   Г ТОБОЛЬСК   УЛ БОЛЬШАЯ СИБИРСКАЯ д. 54 кв. 4', '9827850825'),
(491, 'ТУРЯНСКИХ МАРИНА ВЯЧЕСЛАВОВНА', '625000 ОБЛ ТЮМЕНСКАЯ   Г ТЮМЕНЬ   УЛ ГРИБОЕДОВА д. 3', '9129988092'),
(492, 'ПИВОВАРОВ СЕРГЕЙ ВЛАДИМИРОВИЧ', '641000 ОБЛ КУРГАНСКАЯ   Г КУРГАН   УЛ ХИММАШЕВСКАЯ д. 4 корп. А', '9658350095'),
(493, 'ИГНАТОВ НИКОЛАЙ ВАСИЛЬЕВИЧ', '456800 ОБЛ ЧЕЛЯБИНСКАЯ ОБЛАСТЬ   Г ВЕРХНИЙ УФАЛЕЙ   УЛ ЛЕНИНА д. 159 стр. А', '+7 (932) 3062686'),
(494, 'ПОДКОРЫТОВ АЛЕКСЕЙ СЕРГЕЕВИЧ', '620000 ОБЛ СВЕРДЛОВСКАЯ   Г ЕКАТЕРИНБУРГ   УЛ СТУДЕНЧЕСКАЯ д. 3', '9089137422'),
(495, 'БАЙНОВ АЛЕКСАНДР ВИКТОРОВИЧ', '620000 ОБЛ СВЕРДЛОВСКАЯ   Г ЕКАТЕРИНБУРГ   УЛ ГОРЬКОГО д. 65', '9126206222'),
(496, 'ЗАЙЦЕВ НИКОЛАЙ ВЛАДИМИРОВИЧ', '628600 ОБЛ ТЮМЕНСКАЯ   Г НИЖНЕВАРТОВСК   УЛ ЛЕНИНА д. 4', '9125396824'),
(497, 'ШКУРКО АНДРЕЙ МИХАЙЛОВИЧ', '629306 ОБЛ ТЮМЕНСКАЯ АО ЯМАЛО-НЕНЕЦКИЙ Г НОВЫЙ УРЕНГОЙ   УЛ ГЕОЛОГОРАЗВЕДЧИКОВ д. 9', '9139648312'),
(498, 'ПЕРЖА РЕГИНА ЮРЬЕВНА', '629300 ОБЛ ТЮМЕНСКАЯ АО ЯНАО Г НОВЫЙ УРЕНГОЙ   УЛ ГЕОЛОГОРАЗВЕДЧИКОВ д. 9', '+7 (922) 0928197'),
(499, 'ВАЦУРО НАТАЛЬЯ АЛЕКСЕЕВНА', '629300 ОБЛ ТЮМЕНСКАЯ АО ЯНАО Г НОВЫЙ УРЕНГОЙ   УЛ ГЕОЛОГОРАЗВЕДЧИКОВ д. 9 корп. А', '9224680319'),
(500, 'МАЛЬКОВ СЕРГЕЙ АЛЕКСЕЕВИЧ', '454000 ОБЛ ЧЕЛЯБИНСКАЯ   Г ЧЕЛЯБИНСК   УЛ ДЕГТЯРЕВА д. 31 кв. 32', '9080942608'),
(501, 'ВАЛЕЕВ ВЛАДИСЛАВ МАНСУРОВИЧ', '454000 ОБЛ ЧЕЛЯБИНСКАЯ   Г МАГНИТОГОРСК   УЛ НИКОЛАЯ ШИШКА д. 32 корп. 1 кв. 5', '9822831018'),
(502, 'БЫКОВА ОЛЬГА ПЕТРОВНА', '454000 ОБЛ ЧЕЛЯБИНСКАЯ   Г ЧЕЛЯБИНСК Д МАЛИНОВКА УЛ НОВАЯ ПИКАДИЛЛИ д. 11', '9512371043'),
(503, 'САДРЕТДИНОВ АЛМАЗ АЛЬБЕРТОВИЧ', '628600 ОБЛ ТЮМЕНСКАЯ АО ХМАО Г ТЮМЕНЬ   УЛ ПЕРВОМАЙСКАЯ д. 6', '9124182955'),
(504, 'БЛОХИНА АННА ВЯЧЕСЛАВОВНА', '620102 ОБЛ СВЕРДЛОВСКАЯ   Г ЕКАТЕРИНБУРГ   УЛ ПОСАДСКАЯ д. 28 корп. 5 кв. 55', '9193816009'),
(505, 'НАЗИПОВА ВАЛЕНТИНА МИХАЙЛОВНА', '628300 ОБЛ ТЮМЕНСКАЯ   Г НЕФТЕЮГАНСК   МКР 5 д. 10 кв. 41', '9224335596'),
(506, 'САФИНА ФАИЛЯ ДИНИСЛАМОВНА', '450000 РЕСП БАШКОРТОСТАН   Г УФА   УЛ Х ДАВЛЕТШАНОЙ д. 24 корп. 1 кв. 12', '9191583624'),
(507, 'ПЫЛЯВЕЦ ЮРИЙ МИХАЙЛОВИЧ', '620000 ОБЛ СВЕРДЛОВСКАЯ   Г СЕРОВ   УЛ КРАСНОТУРЬИНСКАЯ д. 5', '9025837180'),
(508, 'СЕМЕНОВА ЛАРИСА ГРИГОРЬЕВНА', '454000 ОБЛ ЧЕЛЯБИНСКАЯ     Г ЧЕЛЯБИНСК УЛ СВЕРДЛОВСКИЙ ТРАКТ д. 8', '9043032701'),
(509, 'ЛЕОНТЬЕВ ВАЛЕРИЙ ИВАНОВИЧ', '450000 РЕСП БАШКОРТОСТАН   Г УФА   УЛ ИНТЕРНАЦИОНАЛЬНАЯ д. 15', '+7 (926) 3855523'),
(510, 'ИСМАГИЛОВА ДИНАРА МИННИСЛАМОВНА', '450000 РЕСП БАШКОРТОСТАН   Г УФА   УЛ АЙСКАЯ д. 69', '9603869324'),
(511, 'КИЛЬДЮШОВ ВИКТОР АЛЕКСАНДРОВИЧ', '454000 ОБЛ ЧЕЛЯБИНСКАЯ   Г ТРЕХГОРНЫЙ   УЛ КИРОВА д. 30 кв. 12', '9193555857'),
(512, 'КИМ ТАТЬЯНА ЯКОВЛЕВНА', '620000 ОБЛ СВЕРДЛОВСКАЯ   Г НИЖНИЙ ТАГИЛ   УЛ ГАСТЕЛЛО д. 12 кв. 2', '9521476761'),
(513, 'СЕРДЮКОВА НАТАЛИЯ ПЕТРОВНА', '620000 ОБЛ СВЕРДЛОВСКАЯ   Г ЕКАТЕРИНБУРГ   УЛ МИНОМЕТЧИКОВ д. 62 кв. 61', '9501905354'),
(514, 'МАМЕДОВА КАМАЛЯ АХМЕДАГА КЫЗЫ', '628400 ОБЛ ТЮМЕНСКАЯ   Г СУРГУТ   УЛ ЛЕНИНА д. 66', '9026913471'),
(515, 'ЧЕРЕПАНОВ НИКОЛАЙ ВЛАДИМИРОВИЧ', '623340 ОБЛ СВЕРДЛОВСКАЯ Р-Н АРТИНСКИЙ   РП АРТИ УЛ КОРОЛЕВА д. 50', '9920028672'),
(516, 'МОТОРИНА РИММА НИКОЛАЕВНА', '454000 ОБЛ ЧЕЛЯБИНСКАЯ   Г МАГНИТОГОРСК   УЛ ВЯЗЕМСКОГО д. 25', '9227159145'),
(517, 'ПУСТОЗЕРОВА ВЕРА АЛЕКСАНДРОВНА', '627180 ОБЛ ТЮМЕНСКАЯ Р-Н УПОРОВСКИЙ   С УПОРОВО УЛ БУЛАТА ЯНТИМИРОВА д. 54', '9523429013'),
(518, 'ПРИПУТЕНКО ОЛЬГА БОРИСОВНА', '629800 ОБЛ ТЮМЕНСКАЯ АО ЯНАО Г НОЯБРЬСК   УЛ СОВЕТСКАЯ д. 103', '9129149931'),
(519, 'МУХАМЕТОВА АЙГУЛЬ РУСЛАНОВНА', '450000 РЕСП БАШКОРТОСТАН   Г СУРГУТ   УЛ ГРИГОРИЯ КУКУЕВИЦКОГО д. 15', '9526980557'),
(520, 'КУЗНЕЦОВА ГУЛИЯ НАЗИПОВНА', '628248 ОБЛ ТЮМЕНСКАЯ Р-Н СОВЕТСКИЙ   П АЛЯБЬЕВСКИЙ УЛ КОММУНИСТИЧЕСКАЯ д. 33', '9821382573'),
(521, 'ЩЕЛЯКОВА ГАЛИНА ВАСИЛЬЕВНА', '620000 ОБЛ СВЕРДЛОВСКАЯ   Г ПОЛЕВСКОЙ   УЛ МАКСИМА ГОРЬКОГО д. 5', '9655229514'),
(522, 'ВАСИНСКАЯ МАРИНА ВЛАДИМИРОВНА', '620000 ОБЛ СВЕРДЛОВСКАЯ   Г АСБЕСТ   УЛ ЛЕНИНА д. 8', '9826235377'),
(523, 'ШЕРЕМЕТЬЕВА ЛЮДМИЛА НИКОЛАЕВНА', '454000 ОБЛ ЧЕЛЯБИНСКАЯ   Г МИАСС   УЛ РОМАНЕНКО д. 50', '9514533644'),
(524, 'ТОКАРЕВ СЕРГЕЙ ЮРЬЕВИЧ', '628600 ОБЛ ТЮМЕНСКАЯ АО ХМАО Г НИЖНЕВАРТОВСК   УЛ ДЗЕРЖИНСКОГО д. 15', '9226558761'),
(525, 'ГЛИНСКАЯ ЕЛЕНА ЮРЬЕВНА', '641000 ОБЛ КУРГАНСКАЯ   Г КУРГАН   УЛ КИРОВА д. 51 корп. А офис 208', '9068831138'),
(526, 'ШАМПАРОВА ЗИНАИДА МИХАЙЛОВНА', '450000 РЕСП БАШКОРТОСТАН   Г УФА   УЛ МУКСИНОВА д. 7 корп. 1 кв. 105', '9373407994'),
(527, 'ШАГИЕВА ЕЛЕНА АЛЕКСЕЕВНА', '620000 ОБЛ СВЕРДЛОВСКАЯ   Г ЕКАТЕРИНБУРГ   УЛ ХРУСТАЛЬНАЯ д. 35А', '9521315440'),
(528, 'ПАВЛОВСКАЯ АННА ГРИГОРЬЕВНА', '623363 ОБЛ СВЕРДЛОВСКАЯ Р-Н АРТИНСКИЙ   Д АНДРЕЙКОВО УЛ ЭРЫКАНА д. 64 кв. 1', '9506579578'),
(529, 'НЕЧАЕВ НИКОЛАЙ ВИКТОРОВИЧ', '454000 ОБЛ ЧЕЛЯБИНСКАЯ   Г ЮЖНОУРАЛЬСК   УЛ СОВЕТСКАЯ д. 5', '9525027116'),
(530, 'НАЙМУШИНА НАТАЛЬЯ СЕРГЕЕВНА', '628181 ОБЛ ОБЛ ТЮМЕНСКАЯ АО ХМАО Г Г НЯГАНЬ   УЛ ЗАГОРОДНЫХ д. 26', '9088871845'),
(531, 'ДЕЕВ СЕРГЕЙ ЛЕОНИДОВИЧ', '999999 Г НЕ УКАЗАН         д. 1', '9221589131'),
(532, 'ВАРФОЛАМЕЕВ ВАСИЛИЙ АНАТОЛЬЕВИЧ', '456513 ОБЛ ЧЕЛЯБИНСКАЯ Р-Н СОСНОВСКИЙ   П РОЩИНО   д. 1', '9823202074'),
(533, 'АБСАЛЯМОВ ИРИК МАРСОВИЧ', '454006 ОБЛ ЧЕЛЯБИНСКАЯ   Г ЧЕЛЯБИНСК   УЛ РОССИЙСКАЯ д. 110 корп. К1', '9634779022'),
(534, 'СУХОРУКОВА НАТАЛЬЯ АЛЕКСАНДРОВНА', '454000 ОБЛ ЧЕЛЯБИНСКАЯ Р-Н ТРОИЦКИЙ   С БЕЛОКЛЮЧЕВКА УЛ ЦЕНТРАЛЬНЯ д. 1', '9525113550'),
(535, 'ВАЛЕЕВА ЕЛЕНА ФИДАИЛОВНА', '628331 АО ХАНТЫ-МАНСИЙСКИЙ Р-Н НЕФТЕЮГАНСКИЙ   ПГТ ПОЙКОВСКИЙ УЛ ПРОМЗОНА д. 52А', '9825951089'),
(536, 'КРАВЧУК СЕРГЕЙ ВЛАДИМИРОВИЧ', '625000 ОБЛ ТЮМЕНСКАЯ Р-Н ТЮМЕНСКИЙ Г ТЮМЕНЬ   УЛ РЕСПУБЛИКИ д. 291', '9199229935'),
(537, 'ЛЕСНИКОВ ПЁТР ЯКОВЛЕВИЧ', '626380 ОБЛ ТЮМЕНСКАЯ Р-Н ИСЕТСКИЙ   С ИСЕТСКОЕ УЛ ЭЛЕВАТОРНАЯ д. 4', '9829093807'),
(538, 'ТЕТЕНЕВА ЕЛЕНА ВЛАДИМИРОВНА', '641000 ОБЛ КУРГАНСКАЯ     Г КУРГАН УЛ К.МЯГОТИНА д. 161', '9080069101'),
(539, 'ДРУЖИНИН НИКОЛАЙ СЕРГЕЕВИЧ', '641886 ОБЛ КУРГАНСКАЯ   Г ШАДРИНСК   ТРАКТ МАЛЬЦЕВСКИЙ д. 8 кв. 14', '+7 (919) 5661966'),
(540, 'ЯГАФАРОВ РАМИЛЬ АБУБАКИРОВИЧ', '328645 ОБЛ ТЮМЕНСКАЯ   Г НОВЫЙ УРЕНГОЙ   УЛ МОЛОДЕЖНАЯ д. 17', '9323042424'),
(541, 'МЫСКИНА СВЕТЛАНА ВЛАДИМИРОВНА', '625000 ОБЛ ТЮМЕНСКАЯ   Г ТЮМЕНЬ   УЛ СТАВРОПОЛЬСКАЯ д. 2А кв. 44', '9224843957'),
(542, 'ТРУШКИНА НАТАЛЬЯ ВЛАДИМИРОВНА', '628300 АО ХАНТЫ-МАНСИЙСКИЙ   Г НЕФТЕЮГАНСК   МКР 13 д. 0', '9088849933'),
(543, 'ШЕВЯХОВА ЛИЛИЯ ЛУТФУЛЛОВНА', '628400 ОБЛ ТЮМЕНСКАЯ   Г СУРГУТ   УЛ МОНТАЖНАЯ д. 10', '9825995279'),
(544, 'ЖИЛИН ДМИТРИЙ НИКОЛАЕВИЧ', '625000 ОБЛ ТЮМЕНСКАЯ   Г ТЮМЕНЬ   УЛ МУСЫ ДЖАЛИЛЯ д. 13', '9923199910'),
(545, 'МАМЕДОВ ЛАЗИР МАМЕДОВИЧ', '628661 ОБЛ ТЮМЕНСКАЯ   Г ПОКАЧИ   УЛ КОМСОМОЛЬСКАЯ д. 8', '9227627066'),
(546, 'БУРАНОВА МИНЗИЯ ГАЯЗОВНА', '454000 ОБЛ ЧЕЛЯБИНСКАЯ Р-Н КАЛИНИНСКИЙ Г ЧЕЛЯБИНСК   ПР-КТ СВЕРДЛОВСКИЙ д. 51 корп. А', '9512696575'),
(547, 'ЛЕНГАРДТ ЖАННА ВЯЧЕСЛАВОВНА', '625000 ОБЛ ТЮМЕНСКАЯ   Г ТЮМЕНЬ   УЛ ПЕРМЯКОВА д. 81 кв. 4', '9224750928'),
(548, 'ХАРИТОНЕНКОВА ВЕРА ТРИФОНОВНА', '454000 ОБЛ ЧЕЛЯБИНСКАЯ   Г КОПЕЙСК   УЛ ГОЛУБЦОВА д. 22 кв. 14', '9124007280'),
(549, 'КУШНИКОВ ДЕНИС ИГОРЕВИЧ', '620000 ОБЛ СВЕРДЛОВСКАЯ   Г БЕРЕЗОВСКИЙ   УЛ ЛЕСОЗАВОДСКОЙ д. 2', '9041733362'),
(550, 'ПЕТУХОВ ИГОРЬ ЕВГЕНЬЕВИЧ', '623100 ОБЛ СВЕРДЛОВСКАЯ   Г ПЕРВОУРАЛЬСК   УЛ СТРОИТЕЛЕЙ д. 16 корп. А', '9221290449'),
(551, 'МЕНЬШИКОВ АЛЕКСАНДР ВЛАДИМИРОВИЧ', '620000 ОБЛ СВЕРДЛОВСКАЯ   Г БЕРЕЗОВСКИЙ   УЛ ГАГАРИНА д. 12', '9045415071'),
(552, 'КУДРЯВЦЕВА ОЛЬГА ВИТАЛЬЕВНА', '620000 ОБЛ СВЕРДЛОВСКАЯ   Г ЕКАТЕРИНБУРГ   ПР-КТ КОСМОНАВТОВ д. 84', '9530424407'),
(553, 'ШАРОВА ЛАРИСА ПЕТРОВНА', '454000 ОБЛ ЧЕЛЯБИНСКАЯ   Г ЧЕЛЯБИНСК   УЛ РОССИЙСКАЯ д. 25', '9090918615'),
(554, 'ЖИЛКИНА ЕКАТЕРИНА АЛЕКСАНДРОВНА', '620000 ОБЛ СВЕРДЛОВСКАЯ   Г ЕКАТЕРИНБУРГ   УЛ РЕПИНА д. 94', '9126214821'),
(555, 'ОЛЬХОВСКАЯ ОЛЬГА ВИКТОРОВНА', '454000 ОБЛ ЧЕЛЯБИНСКАЯ   Г ЕМАНЖЕЛИНСК   УЛ ЧКАЛОВА д. 25', '9127763345'),
(556, 'МУРЗИНА ЛЮДМИЛА АНАТОЛЬЕВНА', '620000 ОБЛ СВЕРДЛОВСКАЯ   Г ЕКАТЕРИНБУРГ   УЛ ПОБЕДЫ д. 43', '9501998556'),
(557, 'СУХАНОВ МАКСИМ ВЛАДИМИРОВИЧ', '641000 ОБЛ КУРГАНСКАЯ Р-Н ШАДРИНС   С ПОГОРЕЛКА УЛ ИСЕЦКАЯ д. 61', '9225723747'),
(558, 'ПОЛЯКОВ ЛЕОНИД ДМИТРИЕВИЧ', '620000 ОБЛ СВЕРДЛОВСКАЯ   Г ЕКАТЕРИНБУРГ   УЛ РЕШЕТНИКОВА д. 14', '9527372157'),
(559, 'ВАХНИН АНДРЕЙ АЛЕКСАНДРОВИЧ', '454000 ОБЛ ЧЕЛЯБИНСКАЯ   Г МИАСС   УЛ ЖУКОВСКОГО д. 3 кв. 13', '9518085573'),
(560, 'БУРЛАКОВА ЕЛЕНА ВЛАДИМИРОВНА', '620000 ОБЛ СВЕРДЛОВСКАЯ   Г ДЕГТЯРСК   УЛ КАЛИНИНА д. 21', '9086363304'),
(561, 'КУЛЕШОВ ВИКТОР ПЕТРОВИЧ', '627570 ОБЛ ТЮМЕНСКАЯ Р-Н ВИКУЛОВСКИЙ   С ВИКУЛОВО УЛ К. МАРКСА д. 28', '9504838022'),
(562, 'УСАНОВА ВАЛЕНТИНА ДМИТРИЕВНА', '620000 ОБЛ СВЕРДЛОВСКАЯ   Г СУХОЙ ЛОГ   ПРОЕЗД СТРОИТЕЛЕЙ д. 7', '9022791818'),
(563, 'ПРОКОПЬЕВА ВАЛЕНТИНА АЛЕКСАНДРОВНА', '625000 ОБЛ ТЮМЕНСКАЯ   Г ТЮМЕНЬ   УЛ МОСКОВСКИЙ ТРАКТ д. 169 кв. 31', '9526760752'),
(564, 'ОДОЕВА АННА АЛЕКСАНДРОВНА', '453701 РЕСП БАШКОРТОСТАН   Г УЧАЛЫ   УЛ ПЕР. СТРОИТЕЛЬНЫЙ д. 4', '9659306633'),
(565, 'СОКОЛОВ ЮРИЙ ВИТАЛЬЕВИЧ', '625000 ОБЛ ТЮМЕНСКАЯ   Г ТЮМЕНЬ   УЛ РЕСПУБЛИКИ д. 200', '9630689634'),
(566, 'МАКУХА ВИКТОР АЛЕКСЕЕВИЧ', '628331 ОБЛ ТЮМЕНСКАЯ Р-Н НЕФТЕЮГАНСКИЙ   ПГТ ПОЙКОВСКИЙ МКР 2 д. 15А кв. 16', '9825963303'),
(567, 'НУРГАЛЕЕВ ЭДУАРД АДАНИСОВИЧ', '454000 ОБЛ ЧЕЛЯБИНСКАЯ   Г ЗЛАТОУСТ   УЛ ШИШКИНА д. 1', '9127759096'),
(568, 'БУТОРИН ИГОРЬ ОЛЕГОВИЧ', '625000 ОБЛ ТЮМЕНСКАЯ   Г ТЮМЕНЬ   УЛ РЕСПУБЛИКИ д. 52', '9048880887'),
(569, 'СЕНАТОРОВ ЕВГЕНИЙ СЕРГЕЕВИЧ', '628400 ОБЛ ТЮМЕНСКАЯ   Г СУРГУТ   УЛ МЕХАНИЗАТОРОВ д. 29', '9122992894'),
(570, 'ИШМУРАТОВА АЛИНА ТИМУРОВНА', '450000 РЕСП БАШКОРТОСТАН   Г УФА   УЛ ВОКЗАЛЬНАЯ д. 20А', '9872595681'),
(571, 'ГОРШКОВА ЛИЛИЯ РАДИКОВНА', '452750 РЕСП БАШКОРТОСТАН   Г ТУЙМАЗЫ   УЛ ГОРЬКОГО д. 37 корп. А', '9196126702'),
(572, 'ХАРИТОНОВА ИРИНА ИГОРЕВНА', '620137 ОБЛ СВЕРДЛОВСКАЯ   Г ЕКАТЕРИНБУРГ   УЛ МЕНДЕЛЕЕВА д. 11 кв. 69', '9122049649'),
(573, 'БАЙМУРЗИНА ТАТЬЯНА ЛЕОНИДОВНА', '620000 ОБЛ СВЕРДЛОВСКАЯ   Г ЕКАТЕРИНБУРГ   УЛ БЛЮХЕРА д. 3', '+7 (912) 2837855'),
(574, 'КИЧИГИНА СВЕТЛАНА АНАТОЛЬЕВНА', '620000 ОБЛ СВЕРДЛОВСКАЯ   Г ЕКАТЕРИНБУРГ   УЛ АК. БАРДИНА д. 42 кв. 3', '+7 (904) 9861302'),
(575, 'ШУМИЛОВА АЛЕКСАНДРА ВИКТОРОВНА', '625000 ОБЛ ТЮМЕНСКАЯ   Г ТЮМЕНЬ   УЛ ГНАРОВСКАЯ д. 7', '9028500231'),
(576, 'КОСЕНКО ВИКТОР ВАЛЕНТИНОВИЧ', '623100 ОБЛ СВЕРДЛОВСКАЯ   Г ПЕРВОУРАЛЬСК   УЛ КИРОВА д. 35', '9226065477'),
(577, 'САДЫКОВА СОФЬЯ ФАТЫХОВНА', '625000 ОБЛ ТЮМЕНСКАЯ   Г ТЮМЕНЬ   УЛ НИКОЛАЯ ЧАПЛИНА д. 126/6', '9088738355'),
(578, 'ШУГАЕВ МАКСИМ ЮРЬЕВИЧ', '623650 ОБЛ СВЕРДЛОВСКАЯ   Г КАМЫШЛОВ   УЛ КРАСНЫХ ОРЛОВ д. 15', '9326108187'),
(579, 'ЧЕРЕПАНОВА АНАСТАСИЯ ЛЬВОВНА', '620000 ОБЛ СВЕРДЛОВСКАЯ   Г НИЖНИЙ ТАГИЛ   УЛ ЛЕБЯЖИНСКАЯ д. 30 кв. 50', '9501939287'),
(580, 'НЕМЦЕВ ЮРИЙ ВИТАЛЬЕВИЧ', '454000 ОБЛ ЧЕЛЯБИНСКАЯ   Г КАРТАЛЫ   УЛ - д. -', '9512503946'),
(581, 'СУЛТАНОВА ТАМАРА ХУСАИНОВНА', '450000 РЕСП БАШКОРТОСТАН Р-Н ФЕДОРОВСКИЙ   С ФЕДОРОВКА УЛ КОММУНИСТИЧЕСКАЯ д. 59', '9279580447'),
(582, 'СУЛТАНОВА ЛИНАРИЯ ФАГИМОВНА', '450000 ОБЛ ТЮМЕНСКАЯ   Г СУРГУТ   УЛ ЛЕРМОНТОВА д. 9', '9632389053'),
(583, 'СЛОБЦОВ АНАТОЛИЙ ОЛЕГОВИЧ', '624760 ОБЛ СВЕРДЛОВСКАЯ   Г ВЕРХНЯЯ САЛДА   УЛ ПАРКОВАЯ д. 1', '9321129685'),
(584, 'ЧЕПИЛЕВСКАЯ ЛАРИСА ВИКТОРОВНА', '456300 ОБЛ ЧЕЛЯБИНСКАЯ   Г МИАСС   УЛ НЕФТЯННИКОВ д. 6 кв. 7', '9123237464'),
(585, 'БОГОМАЗОВА ЛЮДМИЛА АНАТОЛЬЕВНА', '625000 ОБЛ ТЮМЕНСКАЯ Р-Н ГОЛЫШМАНОВСКИЙ Г ТЮМЕНЬ   УЛ ПРЕЖЕВАЛЬСКОГО д. 35 стр. 4 корп. 2', '9199261101'),
(586, 'ЖУЧЕНКО ВЯЧЕСЛАВ ВАЛЕРЬЕВИЧ', '450000 РЕСП БАШКОРТОСТАН   Г БЕЛОРЕЦК   УЛ БЛЮХЕРА д. 1', '9093456480'),
(587, 'ШОРНИКОВА ЛИЛИЯ НИКОЛАЕВНА', '628400 ОБЛ ТЮМЕНСКАЯ   Г СУРГУТ   УЛ РАБОЧАЯ д. 31А', '9821433168'),
(588, 'ТИМОФЕЕВ ИВАН ВИКТОРОВИЧ', '456580 ОБЛ ЧЕЛЯБИНСКАЯ   Г ЕМАНЖЕЛИНСК   УЛ САДОВАЯ д. 1', '9080920954'),
(589, 'ОВЧИННИКОВА ТАТЬЯНА РАУФОВНА', '625000 ОБЛ ТЮМЕНСКАЯ   Г ТЮМЕНЬ   УЛ ГЕРЦЕНА д. 95', '9199287520'),
(590, 'ВОИНОВ ВАДИМ ВАДИМОВИЧ', '625000 ОБЛ ТЮМЕНСКАЯ   Г ТЮМЕНЬ   УЛ 30 ЛЕТ ПОБЕДЫ д. 38 корп. 10', '9829495801'),
(591, 'ЖОЛОБОВА ТАТЬЯНА БОРИСОВНА', '620000 ОБЛ СВЕРДЛОВСКАЯ   Г ЕКАТЕРИНБУРГ   УЛ РОЗЫ ЛЮКСЕМБУРГ д. 51', '9122758993'),
(592, 'СТАРОДУБОВ АНДРЕЙ БОРИСОВИЧ', '641000 ОБЛ КУРГАНСКАЯ   Г КУРГАН   УЛ ХИММАШЕВСКАЯ д. 18', '9195878755'),
(593, 'ДУДКИНА ГАЛИНА АЛЕКСЕЕВНА', '628186 ОБЛ ТЮМЕНСКАЯ АО ХМАО Г НЯГАНЬ   УЛ ЮБИЛЕЙНАЯ д. 60', '9519704515'),
(594, 'АНДРЕЕВ ПЕТР САРАПИОНОВИЧ', '620000 ОБЛ СВЕРДЛОВСКАЯ   Г ЕКАТЕРИНБУРГ   УЛ ТИТОВА д. 1', '9126543031'),
(595, 'ШИРОКИХ ЛЕОНИД АЛЕКСАНДРОВИЧ', '600000 ОБЛ ТЮМЕНСКАЯ   Г МЕГИОН   УЛ ЮЖНАЯ д. 7', '9195662180'),
(596, 'СТЕПУЧЕВА АЛЕВТИНА ПЕТРОВНА', '620000 ОБЛ СВЕРДЛОВСКАЯ   Г ЕКАТЕРИНБУРГ   УЛ АМУНДСЕНА д. 73 кв. 38', '+7 (900) 0484867'),
(597, 'РЯБЧЕНЮК АНДРЕЙ ИВАНОВИЧ', '620000 ОБЛ СВЕРДЛОВСКАЯ   Г ЕКАТЕРИНБУРГ   УЛ ПОССАДСКАЯ д. 21', '9826630165'),
(598, 'УБАСЕВ ДМИТРИЙ СЕРГЕЕВИЧ', '627750 ОБЛ ТЮМЕНСКАЯ   Г ИШИМ   УЛ КАЗАНСКАЯ д. 44', '9199303239'),
(599, 'ИСЛАМОВ АЛИ БЕКАЛИЕВИЧ', '626150 ОБЛ ТЮМЕНСКАЯ   Г ТОБОЛЬСК   УЛ ПРОИЗВОДСТВЕННАЯ д. 100 стр. 1', '9292681313'),
(600, 'ВИНОГРАДОВА ЕКАТЕРИНА ЕВГЕНЬЕВНА', '300300 ОБЛ НИЖЕГОРОДСКАЯ   Г ДЗЕРЖИНСК   ПР-КТ ЦИОЛКОВСКОГО д. 1', '9823686858'),
(601, 'ХАМИТОВА ГУЗЕЛЬ НАИЛЕВНА', '450000 РЕСП БАШКОРТОСТАН   Г УФА   УЛ СОФЬИ ПЕРОВСКОЙ д. 13', '9273033739'),
(602, 'КАБИРОВ МУМИНЖОН РАХМОНОВИЧ', '628672 ОБЛ ТЮМЕНСКАЯ   Г ЛАНГЕПАС   УЛ МИРА д. 8', '9125392841'),
(603, 'РЗАЕВ РОВШАН ХЕЙРУЛЛА ОГЛЫ', '620034 ОБЛ СВЕРДЛОВСКАЯ   Г ЕКАТЕРИНБУРГ   УЛ ТОЛЕДОВА д. 43', '9068116971'),
(604, 'САФИНА ФАЙРУЗА РАМАЗАНОВНА', '620000 ОБЛ СВЕРДЛОВСКАЯ   Г ЕКАТЕРИНБУРГ   УЛ ЗЕНИТЧИКОВ д. 20', '9617641751'),
(605, 'ВЕРБИЦКИЙ АЛЕКСАНДР БОРИСОВИЧ', '628300 ОБЛ ТЮМЕНСКАЯ АО ХМАО-ЮГРА Г НЕФТЕЮГАНСК   МКР 9 д. 2 кв. 38', '+7 (912) 0869817'),
(606, 'ГЛУШКОВ АЛЕКСАНДР НИКОЛАЕВИЧ', '450000 РЕСП БАШКОРТОСТАН   Г УФА   УЛ Р ЗОРГЕ д. 33', '9373645013'),
(607, 'НИКИТИНА НИНА КОНСТАНТИНОВНА', '452000 РЕСП БАШКОРТОСТАН   Г БЕЛЕБЕЙ   УЛ СОВЕТСКАЯ д. 10 корп. 0 кв. 0', ''),
(608, 'КОСТРИГИНА МАРИНА ВЛАДИМИРОВНА', '450000 РЕСП БАШКОРТОСТАН   Г САЛАВАТ   УЛ МАРКСА д. 10 корп. А', '9276377652'),
(609, 'СВИДНИЦКАЯ ЛЮДМИЛА ФЕЛИКСОВНА', '625000 ОБЛ ТЮМЕНСКАЯ   Г ТЮМЕНЬ   УЛ МОСКОВСКИЙ ТРАКТ д. 118', '9199435565'),
(610, 'ЗАЙДУЛЛИНА ГУЛЬНАЗ РАМАЗАНОВНА', '450000 РЕСП БАШКОРТОСТАН Р-Н АЛЬШЕЕВСКИЙ   С КИПЧАК-АСКАРОВО УЛ ШКОЛЬНАЯ д. 3', '9279241450'),
(611, 'БУДНЯК ОЛЬГА ИОСИФОВНА', '628680 ОБЛ ТЮМЕНСКАЯ   Г МЕГИОН   УЛ КУЗЬМИНА д. 10 кв. 61', '9044677741'),
(612, 'КОВТУН ВАЛЕРИЙ БОРИСОВИЧ', '453700 РЕСП БАШКОРТОСТАН Р-Н УЧАЛИНСКИЙ Г УЧАЛЫ   УЛ КРОВЕЛЬНАЯ д. 1', '9656450055'),
(613, 'КОСТИНА НАТАЛЬЯ ВАЛЕРЬЕВНА', '620028 ОБЛ СВЕРДЛОВСКАЯ   Г ЕКАТЕРИНБУРГ   УЛ ДОЛОРЕС ИБАРРУРИ д. 2 корп. А', '9126271403'),
(614, 'СОЗЫКИНА СВЕТЛАНА ИВАНОВНА', '641000 ОБЛ КУРГАНСКАЯ   Г ЩУЧЬЕ   УЛ СОВЕТСКАЯ д. 7', '+7 (906) 8843913'),
(615, 'КУЖАБЕКОВА КИНЬЯБИКА САМИГУЛЛОВНА', '450000 РЕСП БАШКОРТОСТАН Р-Н ХАЙБУЛЛИНСКИЙ   С АКЪЯР УЛ БАТАНОВА д. 5', '+7 (917) 4908233'),
(616, 'ЕМЕЛИН ВЛАДИСЛАВ АНАТОЛЬЕВИЧ', '450000 РЕСП БАШКОРТОСТАН   Г УФА   УЛ РИХАРДА ЗОРГЕ д. 45 корп. 5 кв. 25', '9173475234'),
(617, 'АРТЕМЬЕВА ЛЮБОВЬ ИВАНОВНА', '119421   Г МОСКВА   УЛ НОВАТОРОВ д. 36 кв. 0', '+7 (925) 7138985'),
(618, 'ФАТКУЛЛОВА ЕЛЕНА ЛЕОНТЬЕВНА', '454000 ОБЛ ЧЕЛЯБИНСКАЯ   Г ЧЕЛЯБИНСК   УЛ ГОРОДОК 11 д. 40', '9193396162'),
(619, 'РУКИНА ЛЮБОВЬ ВЛАДИМИРОВНА', '454000 ОБЛ ЧЕЛЯБИНСКАЯ   Г ВЕРХНЕУРАЛЬСК   УЛ СОВЕТСКАЯ д. 17', '9193273188'),
(620, 'ВЛАСЮК ЖАННА ВАСИЛЬЕВНА', '620000 ОБЛ СВЕРДЛОВСКАЯ   Г ЕКАТЕРИНБУРГ   УЛ ОПАЛИХИНСКАЯ д. 15', '9028740401'),
(621, 'ЛИСЬИХ ОЛЬГА ВИКТОРОВНА', '620000 ОБЛ СВЕРДЛОВСКАЯ   Г ЕКАТЕРИНБУРГ   УЛ ШЕЙНКМАНА д. 75 кв. 100', '9041717775'),
(622, 'КОКШАРОВА ОЛЬГА МИХАЙЛОВНА', '454000 ОБЛ ЧЕЛЯБИНСКАЯ   Г ЧЕЛЯБИНСК   ПР-КТ КОМСОМОЛЬСКИЙ д. 69 кв. 64', '9058316901'),
(623, 'СИРБАЕВА АЙГУЛЬ РИШАТОВНА', '450000 РЕСП БАШКОРТОСТАН   Г СИБАЙ   УЛ ГОРЬКОГО д. 74 корп. А', '9273324997'),
(624, 'ЛАТЫНЦЕВА АНАСТАСИЯ НИКОЛАЕВНА', '620000 ОБЛ СВЕРДЛОВСКАЯ   Г НОВОУРАЛЬСК   УЛ КИКОИНА д. 2/2', '9502056526'),
(625, 'АНДРУЩУК ДАРЬЯ НИКОЛАЕВНА', '624853 ОБЛ СВЕРДЛОВСКАЯ Р-Н БЕЛОЯРСКИЙ   С В/Ч 58661-54 С В/Ч 58661-54', '9222694434'),
(626, 'ТЮМЕНЦЕВА ИРИНА ВЯЧЕСЛАВОВНА', '620000 ОБЛ СВЕРДЛОВСКАЯ   Г НОВОУРАЛЬСК   УЛ КРУПСКОЙ д. 6', '9089071896'),
(627, 'КОБЗЕВ ВАДИМ ВАЛЕРЬЕВИЧ', '454000 ОБЛ ЧЕЛЯБИНСКАЯ   Г ЧЕЛЯБИНСК   УЛ КАРЛА МАРКСА д. 52', '9823209735'),
(628, 'КОЦИЕНКО ЕКАТЕРИНА ВИКТОРОВНА', '629800 АО ЯМАЛО-НЕНЕЦКИЙ   Г НОБРЬСК   УЛ СОВЕТСКАЯ д. 15', '9091736333'),
(629, 'ГАПИЧЕНКО ТАТЬЯНА НИКОЛАЕВНА', '454000 ОБЛ ЧЕЛЯБИНСКАЯ   Г ОЗЕРСК   УЛ ЛЕНИНА д. 31', '+7 (922) 2333550'),
(630, 'САГИТОВА ГУЛЬНАЗ ГАБИТОВНА', '450000 РЕСП БАШКОРТОСТАН   Г ИШИМБАЙ   УЛ МИЧЮРИНА д. 26', '9174669160'),
(631, 'СВИРИДОВА ЛЮДМИЛА ВИКТОРОВНА', '620000 ОБЛ КЕМЕРОВСКАЯ   Г КЕМЕРОВО   УЛ ОКТЯБРЬСКИЙ д. 41', '9221991867'),
(632, 'ЧИНЧАЛИНОВА АЙСЛУ МАНЖАСАРОВНА', '454000 ОБЛ ЧЕЛЯБИНСКАЯ   Г ЧЕЛЯБИНСК   УЛ ДОВАТОРА', '9507285297'),
(633, 'МАХМУТОВ ИЗМАИЛ АПТУЛХАЛИМОВИЧ', '626150 ОБЛ ТЮМЕНСКАЯ   Г ТЮМЕНЬ   УЛ КОТЕЛЬЩИКОВА корп. 2', '9223979379'),
(634, 'МОМУШАЕВ МАХМУТЖАН ЮСУПЖАНОВИЧ', '628400 ОБЛ ТЮМЕНСКАЯ     П СОЛНЕЧНЫЙ УЛ ПРОМЗОНА д. 1', '9024961913'),
(635, 'ПИСЧИКОВА ЛЮБОВЬ ИВАНОВНА', '623794 ОБЛ СВЕРДЛОВСКАЯ     Г АРТЕМОВСКИЙ УЛ ЭНЕРГЕТИКОВ д. 1', '9655482083'),
(636, 'ШАЙБЕКОВ ИЛДАР МАСГУТОВИЧ', '629300 ОБЛ ТЮМЕНСКАЯ       УЛ СИБИРСКАЯ д. 63 кв. 91', '9824014696'),
(637, 'БУЛАТОВ РАШИД ХУРМАНГАЛИНОВИЧ', '625000 ОБЛ ТЮМЕНСКАЯ   Г ТЮМЕНЬ   УЛ 11 КМ ЯЛУТОРОВСКОГО ТРАКТА д. 19', '9504885474'),
(638, 'БИККУЛОВА РУЗИЛЯ АЙРАТОВНА', '629000 ОБЛ ТЮМЕНСКАЯ АО ЯМАЛО-НЕНЕЦКИЙ АО Г ГУБКИНСКИЙ   МКР 11', '9174807879'),
(639, 'БАТЫРОВ ВЛАДИМИР НИКИФЕРОВИЧ', '600000 ОБЛ ТЮМЕНСКАЯ   Г НИЖНЕВАРТОВСК   УЛ ЛЕНИНА д. 20', '9191522963'),
(640, 'КУЧМИЙ ЕВГЕНИЯ ВЛАДИМИРОВНА', '620000 ОБЛ СВЕРДЛОВСКАЯ   Г ЛЕСНОЙ   УЛ СИРОТИНА д. 8', '+7 (952) 1391687'),
(641, 'МУХАЧЕВ АЙДАР АНАТОЛЬЕВИЧ', '453020 РЕСП БАШКОРТОСТАН Р-Н КАРМАСКАЛИНСКИЙ   С КАРМАСКАЛЫ УЛ САДОВАЯ д. 29 корп. А', '9874995567'),
(642, 'ЭШБАЕВА СВЕТЛАНА ГРИГОРЬЕВНА', '624740 ОБЛ СВЕРДЛОВСКАЯ   Г ВЕРХНЯЯ САЛДА   УЛ ПАРКОВАЯ д. 1', '9089059446'),
(643, 'ПАРХОМЕНКО КРИСТИНА ИВАНОВНА', '628400 ОБЛ ТЮМЕНСКАЯ   Г СУРГУТ   ПР-КТ ПРОЛЕТАРСКИЙ д. 14А', '9324008276'),
(644, 'БОЛТНЕВА ЛЮБОВЬ НИКОЛАЕВНА', '625000 ОБЛ ТЮМЕНСКАЯ   Г ТЮМЕНЬ   УЛ ЛЕНИНА д. 74', '9969467674'),
(645, 'РЕЛИНА МАРИНА ДАНИЛОВНА', '640000 ОБЛ КУРГАНСКАЯ   Г КУРГАН   УЛ М. ГОРЬКОГО д. 75 кв. 6', '9058508956'),
(646, 'ГЛЫЗИН АЛЕКСЕЙ ГРИГОРЬЕВИЧ', '620000 ОБЛ СВЕРДЛОВСКАЯ   Г ЕКАТЕРИНБУРГ   УЛ 8 МАРТА д. 4 офис 323', '9068007874'),
(647, 'САПАРОВ АЛЕКСАНДР РАХМЕТУЛОВИЧ', '628600 ОБЛ ТЮМЕНСКАЯ   Г НИЖНЕВАРТОВСК   УЛ 2П2 д. 97 стр. 3', '9138678496'),
(648, 'ДУБИН ПАВЕЛ ИГОРЕВИЧ', '620000 ОБЛ СВЕРДЛОВСКАЯ   Г ЕКАТЕРИНБУРГ   УЛ МАМИНА СИБИРЯКА д. 145 кв. 0', '9920279186'),
(649, 'ЗАМЯТИНА ГАЛИНА АЛЕКСАНДРОВНА', '625000 ОБЛ ТЮМЕНСКАЯ   Г ТЮМЕНЬ   УЛ ЩЕРБАКОВА д. 142 кв. 35', '9044989306'),
(650, 'ЖУКОВА СВЕТЛАНА ВАСИЛЬЕВНА', '624200 ОБЛ СВЕРДЛОВСКАЯ   Г ЛЕСНОЙ   УЛ БЕЛИНСКОГО д. 28 кв. 18', '9630335305'),
(651, 'АЛТЫНБАЕВ РИФ МИНИЯРОВИЧ', '453100 РЕСП БАШКОРТОСТАН   Г СТЕРЛИТАМАК   УЛ ХАРКОВСКАЯ д. 8', '9173540541'),
(652, 'ПРОСКУРЯКОВ ВАЛЕРИЙ ФЕДОРОВИЧ', '454000 ОБЛ ЧЕЛЯБИНСКАЯ   Г МИАСС   УЛ АКАДЕМИКА ПАВЛОВА д. 23', '9049782110'),
(653, 'ФАРХУТДИНОВА АЛЬМИРА АЛЬБЕРТОВНА', '620000 ОБЛ СВЕРДЛОВСКАЯ   Г БЕРЕЗОВСКИЙ   УЛ КРАСНЫХ ГЕРОЕВ д. 3', '9533852451'),
(654, 'ГУЛЯГИНА ОЛЬГА АНАТОЛЬЕВНА', '454000 ОБЛ ЧЕЛЯБИНСКАЯ   Г ЧЕЛЯБИНСК   УЛ ВОРОВСКОГО д. 60 стр. А', '9127701886'),
(655, 'ВАЛИУЛЛИН СЕРГЕЙ ГАЙФУЛЛОВИЧ', '454000 ОБЛ ЧЕЛЯБИНСКАЯ   Г ТРОИЦК   УЛ КРАСНОАРМЕЙСКАЯ д. 1', '9049768946'),
(656, 'ИШМУХАМЕТОВА АЛСУ РИФОВНА', '450000 РЕСП БАШКОРТОСТАН   Г УФА   УЛ ВЕТОШНИКОВА д. 60', '9273437283'),
(657, 'ЧЕБАН АНАСТАСИЯ ВИКТОРОВНА', '454000 ОБЛ ЧЕЛЯБИНСКАЯ Р-Н ЧЕЛЯБИНСКИЙ   П НОВЫЙ КРЕМЕНКУЛЬ Б-Р СОЛНЕЧНЫЙ д. 1', '9517949815'),
(658, 'РУДАКОВ ПАВЕЛ ВИКТОРОВИЧ', '628300 ОБЛ ТЮМЕНСКАЯ АО ХАНТЫ-МАНСИЙСКИЙ Г НЕФТЕЮГАНСК   ЗОНА ПИОНЕРНАЯ 5П стр. 15 корп. 14', '9825591867'),
(659, 'МУРАШОВА ГАЛИНА ЛЕОНИДОВНА', '620000 ОБЛ СВЕРДЛОВСКАЯ   Г ЕКАТЕРИНБУРГ   УЧ-К КОРОТКИЙ д. 1', '9045466495'),
(660, 'АСТАФЬЕВА ИРИНА ГЕОРГИЕВНА', '620000 ОБЛ СВЕРДЛОВСКАЯ   Г ЕКАТЕРИНБУРГ   ПР-КТ ЛЕНИНА д. 97', '9538249989'),
(661, 'НАЙДАНОВ ДМИТРИЙ ЮРЬЕВИЧ', '454000 ОБЛ ЧЕЛЯБИНСКАЯ   Г ЧЕЛЯБИНСК   УЛ СВОБОДЫ д. 106', '+7 (912) 7719389'),
(662, 'ПОКРОВКА ТАТЬЯНА БОРИСОВНА', '628285 ОБЛ ТЮМЕНСКАЯ   Г УРАЙ   МКР ЗАПАДНЫЙ д. 19 кв. 54', '9825133962'),
(663, 'АЗАНОВ АЗАТ РАДИКОВИЧ', '626240 ОБЛ ТЮМЕНСКАЯ Р-Н ВАГАЙСКИЙ   С ВАГАЙ УЛ МИРА д. 20', '9995481684'),
(664, 'СКВОРЦОВА ТАТЬЯНА АЛЕКСАНДРОВНА', '454000 ОБЛ ЧЕЛЯБИНСКАЯ   Г ЧЕБАРКУЛЬ   УЛ ЧАПАЕВА д. 25', '9087045676'),
(665, 'ШАКУРОВА ИЛСУЯ ИСЛАМГАЛИЕВНА', '620000 ОБЛ СВЕРДЛОВСКАЯ   Г ЕКАТЕРИНБУРГ   УЛ УШАКОВА д. 36', '9086306920'),
(666, 'СЕМЕНОВА ЕЛЕНА ВЛАДИМИРОВНА', '620000 ОБЛ СВЕРДЛОВСКАЯ   Г ЕКАТЕРИНБУРГ   УЛ 8 МАРТА д. 78А корп. Б', '9090001007'),
(667, 'ИСАКОВА ОЛЬГА НИКОЛАЕВНА', '620027 ОБЛ СВЕРДЛОВСКАЯ   Г ЕКАТЕРИНБУРГ   УЛ АЗИНА д. 10', '9028788403'),
(668, 'АФАНАСЬЕВ ВЛАДИМИР ИВАНОВИЧ', '620027 ОБЛ СВЕРДЛОВСКАЯ   Г ЕКАТЕРИНБУРГ   УЛ АЗИНА д. 24', '+7 (901) 4303898'),
(669, 'ДОКУЧАЕВ СЕРГЕЙ ВАЛЕНТИНОВИЧ', '641000 ОБЛ КУРГАНСКАЯ   Г КУРГАН   УЛ 4-АЯ БОЛЬНИЧНАЯ д. 17', '9125236661'),
(670, 'СЕДНЕВЕЦ АЛИСА НИКОЛАЕВНА', '629300 ОБЛ ТЮМЕНСКАЯ АО ЯНАО Г НОВЫЙ УРЕНГОЙ   МКР ВОСТОЧНЫЙ д. 1 корп. 1', '9044558767'),
(671, 'РЫЖЕНКОВА ОЛЬГА МИХАЙЛОВНА', '454000 ОБЛ ЧЕЛЯБИНСКАЯ Р-Н КОРКИНСКИЙ   Г КОРКИНО ПР-КТ ГОРНЯКОВ д. 8', '+7 (912) 3280643'),
(672, 'ЕВДОКИМОВА НАДЕЖДА ВЛАДИМИРОВНА', '628400 ОБЛ ТЮМЕНСКАЯ   Г СУРГУТ   УЛ ПРОИЗВОДСТВЕННАЯ д. 2', '9224068859'),
(673, 'ШАФИКОВА МАРИЯ АЛЕКСАНДРОВНА', '454000 ОБЛ ЧЕЛЯБИНСКАЯ Р-Н СОСНОВСКИЙ   С ДОЛГОДЕРЕВЕНСКОЕ УЛ ЛЕНИНА д. 28', '9085789034'),
(674, 'ВАЛЕЕВ РАФАИЛЬ ХУСНУТДИНОВИЧ', '628600 ОБЛ ТЮМЕНСКАЯ     С ВЫСОКИЙ УЛ ЛЕНИНА д. 30 корп. 3 кв. 9', '9825899215'),
(675, 'МАТУСЕЕВА АНЖЕЛИКА НИКОЛАЕВНА', '999999 Г НЕ УКАЗАН         д. 1', '9090119220'),
(676, 'ПЕТРОСЯН ЮЛИЯ РУСТАМОВНА', '450000 РЕСП БАШКОРТОСТАН   Г УФА   УЛ АЙСКАЯ д. 67', '9871072518'),
(677, 'ГРОМОВА АКСАНА АЛЕКСАНДРОВНА', '450000 РЕСП БАШКОРТОСТАН   Г СТЕРЛИТАМАК   УЛ КРАСНОГВАРДЕЙСКАЯ д. 5', '9275369629'),
(678, 'ХУЗИН РЕНАТ ХАЛИЛЕВИЧ', '628183 ОБЛ ТЮМЕНСКАЯ   Г НЯГАНЬ   УЛ СИБИРСКАЯ д. 18', '9505338799'),
(679, 'ПАЛКИНА ВАЛЕНТИНА ВЛАДИМИРОВНА', '629603 ОБЛ ТЮМЕНСКАЯ АО ЯНАО Г МУРАВЛЕНКО   УЛ МУРАВЛЕНКО д. 31', '9320939781'),
(680, 'МОИСЕЕВА ЛЮДМИЛА КУЗЬМОВНА', '641000 ОБЛ КУРГАНСКАЯ   Г КУРГАН   УЛ ТОМИНА д. 61', '9097231675'),
(681, 'ЗАИКИН СТАНИСЛАВ ЮРЬЕВИЧ', '628300 АО ХАНТЫ   Г НЕФТЕЮГАНСК   УЛ ЛЕНИНА корп. 26', '9120798670'),
(682, 'ЯКИНА МАРИЯ КОНСТАНТИНОВНА', '454000 ОБЛ ЧЕЛЯБИНСКАЯ   Г ЧЕЛЯБИНСК   УЛ КРАСНАЯ д. 4', '9514275460'),
(683, 'ЯФАЕВ АЙДАР ЗАКИРОВИЧ', '420000 РЕСП ТАТАРСТАН   Г ЕЛАБУГА   УЛ Ш-1 д. 1/3', '9373005800'),
(684, 'ЧЕРЕПАНОВ АЛЕКСАНДР ЮРЬЕВИЧ', '620107 ОБЛ СВЕРДЛОВСКАЯ   Г ЕКАТЕРИНБУРГ   УЛ СТРЕЛОЧНИКОВ д. 39', '9126254730'),
(685, 'ИСАКОВА ТАТЬЯНА АНАТОЛЬЕВНА', '628260 ОБЛ ТЮМЕНСКАЯ   Г ЮГОРСК   УЛ ПОПОВА д. 14', '9227705528'),
(686, 'СТАНЧЕВА АКСЕНИЯ ИВАНОВНА', '628146 ОБЛ ТЮМЕНСКАЯ Р-Н БЕРЕЗОВСКИЙ   П ИГРИМ УЛ ГУБКИНА д. 25', '9224304136'),
(687, 'БУРАКОВСКИЙ АНДРЕЙ НИКОЛАЕВИЧ', '620000 ОБЛ СВЕРДЛОВСКАЯ   Г БЕРЕЗОВСКИЙ   УЛ ГАГАРИНА д. 16 офис 248', '9089061207'),
(688, 'ЕМЕЛЬЯНОВА ТАТЬЯНА ГРИГОРЬЕВНА', '450095 РЕСП БАШКОРТОСТАН   Г УФА   УЛ ПРАВДЫ д. 6 кв. 12', '9279419415'),
(689, 'ДЕМИНА ОЛЕСЯ НИКОЛАЕВНА', '450000 РЕСП БАШКОРТОСТАН   Г УФА   УЛ ПРОСПЕКТ САЛАВАТА ЮЛАЕВА д. 47 стр. А', '9174294813'),
(690, 'МИРЗАГИТОВА АНАСТАСИЯ РАСИМОВНА', '620000 ОБЛ СВЕРДЛОВСКАЯ   Г ЕКАТЕРИНБУРГ   УЛ РАССВЕТНАЯ д. 8 корп. 1 кв. 324', '9221242563'),
(691, 'ЛУКИЯНЧУК ЮРИЙ ИВАНОВИЧ', '628400 ОБЛ ТЮМЕНСКАЯ Р-Н СУРГУТСКИЙ   П БАРСОВО ДНТ БАРСОВСКОЕ УЛ 4 ЛЕВАЯ д. 32', '9224343634'),
(692, 'ЧУМАКИНА ЛЮБОВЬ ВЕЛИТОНОВНА', '456010 ОБЛ ЧЕЛЯБИНСКАЯ Р-Н АШИНСКИЙ Г АША   УЛ ЛЕБЕДЕВА д. 4', '9823478806'),
(693, 'НЕСТЕРОВА НАДЕЖДА ВИКТОРОВНА', '450000 ОБЛ БЕЛГОРОДСКАЯ   Г УФА   УЛ ФЕРИНА д. 2', '9874821276'),
(694, 'ЭРГАРДТ ЭДУАРД ГЕННАДЬЕВИЧ', '620000 ОБЛ СВЕРДЛОВСКАЯ   Г ЕКАТЕРИНБУРГ   ПР-КТ КОСМОНАВТОВ д. 15', '9221368008'),
(695, 'ГАЛИН ВИКТОР ГЕОРГИЕВИЧ', '623340 ОБЛ СВЕРДЛОВСКАЯ Р-Н АРТИНСКИЙ   П АРТИ УЛ ДЕРЯБИНА д. 13', '9022662479'),
(696, 'АНТИПИН ИГОРЬ СЕРГЕЕВИЧ', '628311 ОБЛ ТЮМЕНСКАЯ   Г НЕФТЕЮГАНСК   МКР 3 д. 2', '9822164365'),
(697, 'ТУРДИМАТОВ МУХАММАДАЛИ АХМАДАЛИЕВИЧ', '620000 ОБЛ СВЕРДЛОВСКАЯ   Г АРАМИЛЬ   УЛ 1 МАЯ д. 69 кв. 15', '9638579252'),
(698, 'СУМИН ЕВГЕНИЙ НИКОЛАЕВИЧ', '454000 ОБЛ ЧЕЛЯБИНСКАЯ   Г ЧЕЛЯБИНСК   УЛ МАШИНОСТРОИТЕЛЕЙ д. 21', '9089361942'),
(699, 'ЗЕМЛЯНОВА ИРИНА НИКОЛАЕВНА', '620000 ОБЛ СВЕРДЛОВСКАЯ П БЕЛОКАМЕННЫЙ Г АСБЕСТ   УЛ СОВЕТСКАЯ д. 17 корп. А', '9506323348'),
(700, 'ИГНАТОВА НАДЕЖДА НИКОЛАЕВНА', '628600 ОБЛ ТЮМЕНСКАЯ АО ХАНТЫ-МАНСИЙСКИЙ Г НИЖНЕВАРТОВСК   УЛ ОМСКАЯ д. 54 кв. 32', '9028544235'),
(701, 'ГАЛЫШЕВА ОЛЬГА НИКОЛАЕВНА', '454000 ОБЛ ЧЕЛЯБИНСКАЯ   Г ЧЕЛЯБИНСК   УЛ НОВОРОССИЙСКАЯ д. 46', '9518001613'),
(702, 'ЯКОНИН АЛЕКСЕЙ ВЛАДИМИРОВИЧ', '620000 ОБЛ СВЕРДЛОВСКАЯ   Г НИЖНИЙ ТАГИЛ   УЛ МЕТАЛЛУРГОВ д. 1', '9321232029'),
(703, 'РЕЙНИС АЛЕКСЕЙ АЛЕКСАНДРОВИЧ', '454084 ОБЛ ЧЕЛЯБИНСКАЯ   Г ЧЕЛЯБИНСК   УЛ КОЖЗАВОДСКАЯ д. 78', '9028904431'),
(704, 'БАТУЕВ ВЛАДИМИР СЕРГЕЕВИЧ', '620000 ОБЛ СВЕРДЛОВСКАЯ   Г ЕКАТЕРИНБУРГ   УЛ МУРЗИНСКАЯ д. 33', '9089193405'),
(705, 'ЯНГИЛЬДИН МУКАДЕС АЛИРЗАЕВИЧ', '450000 РЕСП БАШКОРТОСТАН   Г УФА   УЛ ВОКЗАЛЬНАЯ д. 27 кв. 5', '9173799769'),
(706, 'ПАВЛЕНЮК ЕВГЕНИЯ МИХАЙЛОВНА', '641000 ОБЛ КУРГАНСКАЯ   Г КУРГАН   УЛ ОМСКАЯ д. 140', '9125275517'),
(707, 'БИРЮКОВА СВЕТЛАНА СЕРГЕЕВНА', '625000 ОБЛ ТЮМЕНСКАЯ   Г ТЮМЕНЬ   УЛ 2 ЛУГОВАЯ д. 30', '9199235992'),
(708, 'ДАУТОВ РИНАТ НИЯЗЫЕВИЧ', '624260 ОБЛ СВЕРДЛОВСКАЯ   Г АСБЕСТ   УЛ ВОЙКОВА д. 76', '9530577860'),
(709, 'ЗОТОВА ЮЛИЯ ИВАНОВНА', '623813 ОБЛ СВЕРДЛОВСКАЯ Р-Н ИРБИТСКИЙ   Д ПЕРВОМАЙСКАЯ УЛ ПЕРВОМАЙСКАЯ д. 1', '9000419159'),
(710, 'СЕРГЕЕВ ВАЛЕРИЙ ВАСИЛЬЕВИЧ', '620000 ОБЛ СВЕРДЛОВСКАЯ   Г ЕКАТЕРИНБУРГ   ТУП КОМИНТЕРНА д. 18 кв. 29', '9226162937'),
(711, 'НОВИКОВА ЕЛЕНА АЛЕКСЕЕВНА', '454000 ОБЛ ЧЕЛЯБИНСКАЯ   Г ЧЕЛЯБИНСК   УЛ ЧИЧЕРИНА д. 42Б', '9514612986'),
(712, 'МИКУШИНА КСЕНИЯ ЛЕОНИДОВНА', '620000 ОБЛ СВЕРДЛОВСКАЯ Р-Н ТАЛИЦКИЙ Г ТАЛИЦА   УЛ ЛЕНИНА д. 88', '9630364648'),
(713, 'СЫРОМЯТНИКОВ ВЛАДИМИР ВЛАДИМИРОВИЧ', '620102 ОБЛ СВЕРДЛОВСКАЯ   Г ЕКАТЕРИНБУРГ   УЛ ПАЛЬМИРО ТОЛЬЯТТИ д. 11А', '9826743909'),
(714, 'ТОКМАНЦЕВ АНДРЕЙ СЕРГЕЕВИЧ', '620000 ОБЛ СВЕРДЛОВСКАЯ   Г КРАСНОУФИМСК   УЛ ВАГОННАЯ д. 14', '9193925240'),
(715, 'ИШБЕРДИН АРТУР РАФИКОВИЧ', '450000 РЕСП БАШКОРТОСТАН     Г СИБАЙ УЛ СЕЛЬХОЗТЕХНИКА д. 14', '9273305995'),
(716, 'ВОЛКОВ АРТЁМ ОЛЕГОВИЧ', '622018 ОБЛ СВЕРДЛОВСКАЯ   Г НИЖНИЙ ТАГИЛ   УЛ ЮНОСТИ д. 11', '9221617363'),
(717, 'АСЫЛГУЖИН АЙБУЛАТ АХТАМЬЯНОВИЧ', '454000 ОБЛ ЧЕЛЯБИНСКАЯ   Г ЧЕБАРКУЛЬ   УЛ КАШИРИНА', '9995857522'),
(718, 'ЧУСОВИТИНА ЕКАТЕРИНА ВЛАДИМИРОВНА', '620000 ОБЛ СВЕРДЛОВСКАЯ   Г ЕКАТЕРИНБУРГ   УЛ 8 МАРТА д. 149', '9521487650'),
(719, 'ПОКАЗАНЬЕВА НАТАЛИЯ ВЛАДИМИРОВНА', '620000 ОБЛ СВЕРДЛОВСКАЯ   Г ЕКАТЕРИНБУРГ   УЛ САНАТОРНАЯ д. 10 кв. 9', '9122848360'),
(720, 'ЕРЕМЕЕВ НИКОЛАЙ ВАСИЛЬЕВИЧ', '628001 ОБЛ ТЮМЕНСКАЯ   Г ХАНТЫ-МАНСИЙСК   УЛ ЧЕРНЫШЕВСКОГО д. 16', '9048111045'),
(721, 'РОГАЧЁВА ТАТЬЯНА ВАСИЛЬЕВНА', '454000 ОБЛ ЧЕЛЯБИНСКАЯ П КОРКИНСКИЙ Г КОРКИНО   ПР-КТ ГОРНЯКОВ д. 8', '9630927040'),
(722, 'ПОПОВА ОЛЬГА ВИТАЛЬЕВНА', '627141 ОБЛ ТЮМЕНСКАЯ   Г ЗАВОДОУКОВСК   УЛ ХАХИНА д. 19', '9523460802'),
(723, 'БЕЗРУКОВА ТАТЬЯНА ГАВРИЛОВНА', '620000 ОБЛ СВЕРДЛОВСКАЯ   Г ЕКАТЕРИНБУРГ   УЛ ПАТРИОТОВ д. 31', '9045486370'),
(724, 'ЮДАКОВА НАТАЛЬЯ АНАТОЛЬЕВНА', '628672 ОБЛ ТЮМЕНСКАЯ     Г ЛАНГЕПАС УЛ ЛЕНИНА д. 11', '9224004199'),
(725, 'МИХАЙЛОВА ОКСАНА ВИКТОРОВНА', '623780 ОБЛ СВЕРДЛОВСКАЯ Р-Н АРТЕМОВСКИЙ Г АРТЕМОВСКИЙ   ПЕР ВАЙНЕРА д. 3А кв. 8', '9068022504'),
(726, 'ВОЛКОВА ТАТЬЯНА НИКОЛАЕВНА', '641000 ОБЛ КУРГАНСКАЯ   Г КУРГАН   УЛ ПАНФИЛОВА д. 17', '9058539293'),
(727, 'ЛАБУШКИН ЕВГЕНИЙ ГРИГОРЬЕВИЧ', '620000 ОБЛ СВЕРДЛОВСКАЯ Р-Н ПРИГОРОДНЫЙ   С БРОДОВО УЛ МИРА д. 44', '9530494112'),
(728, 'САЙФУТДИНОВА ГУЗЕЛИЯ НУРИТДИНОВНА', '450000 РЕСП БАШКОРТОСТАН Р-Н ИШИМБАЙСКИЙ   С КУЗЯНОВО УЛ ШКОЛЬНАЯ д. 63', '9656452436'),
(729, 'БЕКМАНСУРОВА ТАТЬЯНА МИХАЙЛОВНА', '620000 ОБЛ СВЕРДЛОВСКАЯ   Г ЕКАТЕРИНБУРГ   УЛ МОСТОВАЯ д. 17А', '+7 (982) 6603934'),
(730, 'ПОПОВА СВЕТЛАНА ВАСИЛЬЕВНА', '454000 ОБЛ ЧЕЛЯБИНСКАЯ   Г ЧЕЛЯБИНСК   ТРАКТ ТРАКТ д. 21И', '9517751501'),
(731, 'ХОЗИКОВА МАРИНА ЮРЬЕВНА', '628484 ОБЛ ТЮМЕНСКАЯ   Г КОГАЛЫМ   УЛ ЛЕНИНГРАДСКАЯ д. 21 кв. 86', '9527019923'),
(732, 'ЧИРКОВА СВЕТЛАНА БОРИСОВНА', '622000 ОБЛ СВЕРДЛОВСКАЯ   Г НИЖНИЙ ТАГИЛ   УЛ КРАСНОАРМЕЙСКАЯ д. 46', '9502065189'),
(733, 'БАЛЯСОВА АННА ВАЛЕНТИНОВНА', '450000 ОБЛ ТЮМЕНСКАЯ   Г НОВЫЙ УРЕНГОЙ   УЛ ПРОМЫСЛОВАЯ д. 29', '9822667624'),
(734, 'БАДРИТДИНОВ РАДИС РАМАЗАНОВИЧ', '452960 РЕСП АДЫГЕЯ Р-Н БУРАЕВСКИЙ   С БУРАЕВО УЛ ЭНЕРГЕТИКОВ д. 5 кв. 2', '9063743742'),
(735, 'ПЕТРОПАВЛОВСКИЙ ДМИТРИЙ ЮРЬЕВИЧ', '620000 ОБЛ СВЕРДЛОВСКАЯ   Г ЕКАТЕРИНБУРГ   УЛ ЭСКАДРОННАЯ д. 45', '9193664856'),
(736, 'ПЕРШИНА АЛЬБИНА ЮМАХУЖЕВНА', '477000 ОБЛ МОСКОВСКАЯ   Г МОСКВА   ПРОЕЗД МУРМАНСКИЙ д. 1А стр. 1', '9514731127'),
(737, 'БОГДАНОВА ТАТЬЯНА ВАЛЕНТИНОВНА', '450000 РЕСП БАШКОРТОСТАН Р-Н АСКИНСКИ   С АСКИНО УЛ СОВЕТСКАЯ д. 10/1', '9373510635'),
(738, 'ЗАЙНАГАБДИНОВА ИЛЮЗА ИСМАГИЛОВНА', '453100 РЕСП БАШКОРТОСТАН   Г МЕЛЕУЗ   УЛ ЛЕНИНА д. 35', '9174494102'),
(739, 'БИРЮКОВ ДМИТРИЙ ВИКТОРОВИЧ', '450000 РЕСП БАШКОРТОСТАН Р-Н ИГЛИНСКИЙ   П УЛУ ТЕЛЯК УЛ НЕФТЯНИКОВ д. 16', '9656446865'),
(740, 'СЕЛИВАНОВА НАТАЛЬЯ КОНСТАНТИНОВНА', '628240 АО ХАНТЫ-МАНСИЙСКИЙ   Г СОВЕТСКИЙ   УЛ ГАСТЕЛЛО д. 19', '9088905987'),
(741, 'ДАКУМБЕКОВ ЖАКСЫЛЫК АБИКЕЕВИЧ', '454000 ОБЛ ЧЕЛЯБИНСКАЯ Р-Н ТРОИЦКИЙ   П ПЛОДОВЫЙ УЛ НЕТ', '9525151998'),
(742, 'ШИХАЛЕЕВ ЕВГЕНИЙ АРКАДЬЕВИЧ', '641000 ОБЛ КУРГАНСКАЯ   Г КУРГАН   УЛ СТАНЦИОННАЯ д. 1', '9080025502'),
(743, 'ЛЕБЕДЕВА ТАТЬЯНА ВЯЧЕСЛАВОВНА', '454000 ОБЛ ЧЕЛЯБИНСКАЯ   Г МАГНИТОГОРСК   ПР-КТ КАРЛА МАРКСА д. 94', '9048100453'),
(744, 'ЗУБКОВА ГАЛИНА ВИКТОРОВНА', '625530 ОБЛ ТЮМЕНСКАЯ Р-Н ТЮМЕНСКИЙ   П ВИНЗИЛИ УЛ КОМСОМОЛЬСКАЯ д. 1', '9504980962'),
(745, 'СИДОРОВА ГАЛИНА АЛЕКСЕЕВНА', '623650 ОБЛ СВЕРДЛОВСКАЯ     РП ТУГУЛЫМ УЛ ЛЕНИНА д. 65', '9022589480'),
(746, 'НЕЙМАН ЛАРИСА АНАТОЛЬЕВНА', '450501 РЕСП БАШКОРТОСТАН Р-Н УФИМСКИЙ   С БУЛГАКОВО УЛ ЛЕСНАЯ д. 10 кв. 2', '9273140019'),
(747, 'СУВОРОВ АЛЕКСЕЙ ВЕНИАМИНОВИЧ', '641000 ОБЛ КУРГАНСКАЯ Р-Н ЮРГАМЫШСКИЙ Г ЮРГАМЫШ   УЛ МИРА д. 77', '9125217647'),
(748, 'АКТУГАНОВ ИЛЬГИЗ МИНЕХАНОВИЧ', '628600 ОБЛ ТЮМЕНСКАЯ   Г НИЖНЕВАРТОВСК   УЛ ИНДУСТРИАЛЬНАЯ д. 1', '9991337715'),
(749, 'ЕМЕЛЬЯНОВА ИРИНА ЛЕОНИДОВНА', '624300 ОБЛ СВЕРДЛОВСКАЯ   Г КУШВА   УЛ 40 ОКТЯБРЯ д. 2', '9920154938'),
(750, 'ФИЛАТОВА ИРИНА АЛЕКСАНДРОВНА', '628181 ОБЛ ТЮМЕНСКАЯ   Г НЯГАНЬ   УЛ ЛЕНИНА д. 28', '9028545730'),
(751, 'БЕГАЛИ АНДРЕЙ ИВАНОВИЧ', '625000 ОБЛ ТЮМЕНСКАЯ     Г ТЮМЕНЬ УЛ МАЛЫГИНА д. 4 корп. 1', '9829069989'),
(752, 'МЕНЬЩИКОВА ОЛЬГА ВИКТОРОВНА', '625000 ОБЛ ТЮМЕНСКАЯ   Г ТЮМЕНЬ   УЛ ПРОКОПИЯ АРТОМОНОВА д. 13 корп. 1', '9504964658'),
(753, 'ШЕЛАЕВА ИРИНА ЕВГЕНИЕВНА', '624221 ОБЛ СВЕРДЛОВСКАЯ   Г ЕКАТЕРИНБУРГ   УЛ ЛЕНИНА д. 17', '9043827101'),
(754, 'ЛАЗАРЕВ АНДРЕЙ ВАСИЛЬЕВИЧ', '620000 ОБЛ СВЕРДЛОВСКАЯ   Г НОВАЯ ЛЯЛЯ   УЛ ЛОМОНОСОВА д. 6 кв. 2', '9506347822'),
(755, 'БЕЛЯКОВА АННА СУРЕНОВНА', '628464 ОБЛ ТЮМЕНСКАЯ   Г РАДУЖНЫЙ   УЛ СЕВ.ЗАП КОМ ЗОНА д. 5 кв. 2', '9822268249'),
(756, 'ЧУХАРЕВА НАТАЛЬЯ ИВАНОВНА', '456601 ОБЛ ЧЕЛЯБИНСКАЯ   Г КОПЕЙСК   ПЕР БОРЬБЫ д. 14', '9525027535'),
(757, 'ТРЕТНИКОВА ТАТЬЯНА ЮРЬЕВНА', '620041 ОБЛ СВЕРДЛОВСКАЯ   Г ЕКАТЕРИНБУРГ   УЛ КИСЛОРОДНАЯ д. 16', '9126211318'),
(758, 'АНТУШЕВА ДАРЬЯ ЮРЬЕВНА', '627180 ОБЛ ТЮМЕНСКАЯ Р-Н УПОРОВСКИЙ   С УПОРОВО УЛ ВОЛОДАРСКОГО д. 33', '9504941726'),
(759, 'БОБРОВА СВЕТЛАНА ВИКТОРОВНА', '620000 ОБЛ СВЕРДЛОВСКАЯ   Г ЕКАТЕРИНБУРГ   УЛ ГЕНЕРАЛЬСКАЯ д. 3', '9126056460'),
(760, 'ШИРОКОВ СЕРГЕЙ ВЛАДИМИРОВИЧ', '620000 ОБЛ СВЕРДЛОВСКАЯ   Г КАЧКАНАР   МКР 6А МКРН д. 1А кв. 134', '9530579791');

-- --------------------------------------------------------

--
-- Структура таблицы `external_financing`
--

CREATE TABLE `external_financing` (
  `id` int(10) UNSIGNED NOT NULL,
  `total` int(11) NOT NULL,
  `project_id` int(10) UNSIGNED NOT NULL,
  `investor_id` int(10) UNSIGNED NOT NULL
) ENGINE=InnoDB DEFAULT CHARSET=utf8;

--
-- Дамп данных таблицы `external_financing`
--

INSERT INTO `external_financing` (`id`, `total`, `project_id`, `investor_id`) VALUES
(3, 100000, 1, 6),
(4, 555, 1, 8),
(5, 987, 1, 5),
(6, 123455, 1, 4),
(7, 100000, 8, 7),
(8, 1000, 8, 1),
(9, 100000, 8, 2),
(10, 100009, 10, 5),
(11, 100000, 1, 6),
(12, 555, 1, 8),
(13, 987, 1, 5),
(14, 123455, 1, 4),
(15, 100000, 8, 7),
(16, 1000, 8, 1),
(17, 100000, 8, 2),
(18, 100009, 10, 5),
(19, 100000, 1, 6),
(20, 555, 1, 8),
(21, 987, 1, 5),
(22, 123455, 1, 4),
(23, 100000, 8, 7),
(24, 1000, 8, 1),
(25, 100000, 8, 2),
(26, 100009, 10, 5),
(27, 100000, 1, 6),
(28, 555, 1, 8),
(29, 987, 1, 5),
(30, 123455, 1, 4),
(31, 100000, 8, 7),
(32, 1000, 8, 1),
(33, 100000, 8, 2),
(34, 100009, 10, 5);

-- --------------------------------------------------------

--
-- Структура таблицы `investors`
--

CREATE TABLE `investors` (
  `id` int(10) UNSIGNED NOT NULL,
  `name` varchar(45) NOT NULL DEFAULT 'Аноним',
  `address` varchar(100) DEFAULT NULL,
  `phone` varchar(20) DEFAULT NULL
) ENGINE=InnoDB DEFAULT CHARSET=utf8;

--
-- Дамп данных таблицы `investors`
--

INSERT INTO `investors` (`id`, `name`, `address`, `phone`) VALUES
(1, 'Facebook', 'Менло-Парк, Калифорния, США', '090-000-99-99'),
(2, 'Никонов Игорь  Александрович', 'Петровка ул., 23/10, Москва, 127051', '89090802969'),
(3, 'Аноним', NULL, '88005553535'),
(4, 'Малиневская Надежда Викторовна', '2-я Хуторская ул., 9, Москва, 127287', '9178327820'),
(5, 'Касперский Евгений Валентинович', NULL, '89536091192'),
(6, 'Борис Зимин', 'Москва', NULL),
(7, 'Роман Иванов', 'Доброслободская ул., 10 строение 1, Москва, 105066', '89517883449'),
(8, 'Таракин Роман Геннадьевич', 'ул. Труда, 5 а, Челябинск, Челябинская обл., 454091', '89507271417'),
(9, 'Баранников Константин Станиславович', 'ул. Мечникова, 11\r\nЧелябинск', '89090737198'),
(10, 'Роман Зимин', NULL, '1 666 098 23 23'),
(11, 'А ДИ ДЖИ-ГРУПП, ООО, пункт приема металлолома', 'Полоненко, 10/2', '7-904-417-77-0'),
(12, 'А Маркет, ООО, оптовая компания', 'Рабоче-Крестьянская, 48Б', '7 (8442) 31-46-87'),
(13, 'АБ Россия, АО', 'Калинина, 13', '+7 (8442) 55-12-25'),
(14, 'АБ Россия, ОАО, банкомат', 'Калинина, 13', ''),
(15, 'Абак-2000, ООО', 'Академическая, 22', '+7 (8442) 97-24-26'),
(16, 'АББ, ООО, производственная компания', 'Ленина проспект, 86', '+7 (8442) 243-700'),
(17, 'АБВГДейка, центр развития для детей', '', '7-904-774-92-68'),
(18, 'АБВГДейка, центр развития для детей', 'Дегтярёва, 25', ''),
(19, 'АБВГДейка, центр развития для детей', 'Николая Отрады, 16', ''),
(20, 'АБВГДейка, центр раннего развития детей', '', '7-904-753-54-90'),
(21, 'АБВГДейка, центр раннего развития детей', 'Менжинского, 11а', ''),
(22, 'АБВГДейка, центр раннего развития детей', 'Дзержинского, 17', ''),
(23, 'АБВГ-дейка, центр раннего развития детей', 'Бурейская, 7', '7-961-85-80-44'),
(24, 'АБВ-принт, типография', 'Баррикадная, 17', '7-928-456-53-62'),
(25, 'АБВ-сервис, ООО НОВИКАРТ', '', '7-927-335-29-39'),
(26, 'АБВ-сервис, ООО НОВИКАРТ', 'Советская, 17', ''),
(27, 'АБВ-сервис, ООО НОВИКАРТ', 'Елецкая, 12а', ''),
(28, 'Абзац, типография, ИП Евтеев М.М.', 'Пушкина, 35к', '7-937-552-54-44'),
(29, 'Абиком-Трейд, ООО, торговая компания', 'Карбышева, 76', '+7 (8443) 38-66-45'),
(30, 'АБИКОМ-ЮГ, ООО, проектно-монтажная компания', 'им. Землячки, 58', '7-905-335-49-70'),
(31, 'Аблепиха, ателье', '', ''),
(32, 'Аблепиха, ателье', 'Рабоче-Крестьянская, 48', '7-919-791-76-79'),
(33, 'Аблепиха, ателье', 'Карбышева, 132а', '7-961-671-1-99'),
(34, 'Абразив-Волга, торговая компания', '', '+7 (8442) 22-31-46'),
(35, 'Абразив-Волга, торговая компания', 'Авиаторов шоссе, 8', '7-961-64-72-82'),
(36, 'Абразив-Волга, торговая компания', '25 лет Октября, 1 ст11', '7-961-66-21-44'),
(37, 'Абрикос, досуговый клуб', 'Шекснинская, 95', '7-961-78-94-41'),
(38, 'Абрис, ООО, архитектурно-строительная компани', 'Кузнецкая, 87/5', '7-902-384-16-19'),
(39, 'Абрис, рекламное агентство полного цикла', 'Краснознаменская, 6', '+7 (8442) 43-64-49'),
(40, 'Абрис-ДС, студия дизайна', 'Рабоче-Крестьянская, 22', ''),
(41, 'АБС', 'Волгоград-Москва трасса 13 км, 5', ''),
(42, 'Абсолют строй, торгово-монтажная компания', 'Генерала Штеменко, 52', '7-929-788-51-0'),
(43, 'Абсолютный комфорт, ООО, торгово-монтажная ко', 'им. Хорошева, 14а', '+7 (8442) 25-32-54'),
(44, 'Абсолют34, ООО, фирма', 'Краснополянская, 74д', '+7 (8442) 26-02-02'),
(45, 'Абсолют, агентство недвижимости', 'Энгельса, 31', '+7 (8443) 27-31-11'),
(46, 'Абсолют, ООО, оценочная компания', 'Порт-Саида, 18а', '+7 (8442) 98-19-51'),
(47, 'Абсолют, ООО, рекламно-производственная фирма', 'Ленина проспект, 69а', '7-927-252-54-43'),
(48, 'Абсолют, ООО, торговая компания', 'Грушевская, 10', '+7-927-511-51-85'),
(49, 'Абсолют, рекламно-полиграфическая компания', '', '+7 (8442) 49-10-63'),
(50, 'Абсолют, рекламно-полиграфическая компания', 'Ленина проспект, 2Б', '7-961-660-24-33'),
(51, 'Абсолют, рекламно-полиграфическая компания', 'Фридриха Энгельса бульвар, 18', '7-937-729-76-34'),
(52, 'АБС-автосервис', 'Полоненко, 15Б', '7-937-85-48-88'),
(53, 'АБТ Отчетность, IT-компания', '7 Гвардейской, 12', '+7 (8442) 26-27-63'),
(54, 'Абхазия, туристическая компания, представител', 'Маршала Рокоссовского, 32а', '+7-903-372-75-75'),
(55, 'АВАИ, ООО', 'Ельшанская ст, 4д', '7-905-338-48-80'),
(56, 'АВАЛДА, производственная компания, ООО ДМЗ, ф', 'Коммунистическая, 10а', '+7 (8442) 45-97-35'),
(57, 'Аваль, Волгоградская коллегия адвокатов', '', ''),
(58, 'Аваль, Волгоградская коллегия адвокатов', '7 Гвардейской, 2', '+7 (8442) 50-55-38'),
(59, 'Авангард Сити, бизнес-центр, ИП Макаров А.Л.', 'Быстрова, 78', '+7 (8442) 26-04-04'),
(60, 'АвангардВолгаАвто, ООО, транспортная компания', 'им. Землячки, 29', '7-905-434-90-79'),
(61, 'Авангард, автошкола', '', '+7 (8442) 90-49-29'),
(62, 'Авангард, автошкола', 'Шекснинская, 26Б', ''),
(63, 'Авангард, автошкола', 'Милиционера Буханцева, 42', ''),
(64, 'Авангард, автошкола', 'Кирова, 128Б', ''),
(65, 'Авангард, ГК', 'Ленина проспект, 110', '8-800-555-92-74'),
(66, 'Авангард, магазин детской одежды и обуви', 'Пионерская, 38', ''),
(67, 'Авангард, ООО, транспортная компания', '', '+7 (8442) 45-95-58'),
(68, 'Авангард, ООО, частная охранная организация', '64 Армии, 137', '+7 (8442) 42-02-96'),
(69, 'Авангард, торговый комплекс', 'Федотова, 2а', '+7 (8442) 44-55-35'),
(70, 'Авангард, транспортная компания', 'Шопена, 4Б', '7-988-17-54-97'),
(71, 'Авангард, физкультурно-оздоровительный компле', 'Дружбы, 48Б', '+7 (8443) 56-11-44'),
(72, 'Авангард, центр культуры и досуга', '64 Армии, 26', '+7 (8442) 42-18-03'),
(73, 'Авангард-Инвест, ООО, строительная компания', 'Калинина, 3', '+7 (8442) 43-66-10'),
(74, 'Авангард-спецодежда Волгоград, ООО, производс', 'Менделеева, 100', '+7 (8442) 96-50-06'),
(75, 'Авантаж, ООО, производственно-торговая компан', 'Качинцев, 20', '7-962-567-97-57'),
(76, 'Авантаж, ООО, экспертная компания', 'Пархоменко, 35а', '+7-917-642-34-24'),
(77, 'Авантаж, салон красоты, ИП Подземельникова Е.', '8 Воздушной Армии, 40', '+7 (8442) 59-27-37'),
(78, 'Авантаж-Волга, ООО, торговая компания', 'Электролесовская, 15', '+7 (8442) 98-10-17'),
(79, 'Аванта, торговая фирма', 'Горького, 41м', '7-960-889-80-9'),
(80, 'Авантпак-Юг, торговая компания', 'им. Землячки, 25', '+7 (8442) 60-15-12'),
(81, 'Авантюрист, магазин подводного снаряжения', 'Циолковского, 2', '+7 (8442) 97-17-27'),
(82, 'Аварийная газовая служба', '', '+7 (8443) 55-59-11'),
(83, 'Аварийная служба', '', '7-905-61-70-77'),
(84, 'Аварийно-диспетчерская компания', 'Труда площадь, 19', '+7-909-380-15-55'),
(85, 'Аварийно-диспетчерская служба Волжских теплов', '7-я Автодорога, 19', '+7 (8443) 55-05-41'),
(86, 'Аварийно-диспетчерская служба Ворошиловского ', 'Ростовская, 19а', '+7 (8442) 94-21-45'),
(87, 'Аварийно-диспетчерская служба по теплоснабжен', 'Закавказская, 4', '+7 (8442) 44-85-89'),
(88, 'Аварийно-диспетчерская служба по теплоснабжен', '', '+7 (8442) 67-05-16'),
(89, 'Аварийно-диспетчерская служба, ООО', 'Вучетича, 8', '+7 (8442) 62-40-40'),
(90, 'Аварийно-ремонтная служба по Кировскому район', 'им. Стрельца, 81а', '+7 (8442) 59-76-56'),
(91, 'Аварийно-ремонтная служба, ООО', '64 Армии, 85', '+7 (8442) 59-27-37'),
(92, 'Аварийно-спасательная служба Волгоградской об', 'Маршала Рокоссовского, 10', '+7 (8442) 37-52-17'),
(93, 'Аварийно-спасательная служба Волгоградской об', 'Костюченко, 37', '+7 (8442) 35-47-81'),
(94, 'Аварийно-спасательная служба Волгоградской об', 'Набережная, 4в', '7-961-686-71-90'),
(95, 'Аварийно-спасательная служба Волгоградской об', 'Ахтубинская, 2а', '7-961-686-71-11'),
(96, 'Аварийный ключ, служба ремонта и аварийного о', '', '7-917-333-67-47'),
(97, 'Аварком.рф, ООО СИБАССИСТ', 'Бакинская, 14', '8-800-775-79-11'),
(98, 'Авгит-Инструмент, ООО, магазин инструментов и', '', ''),
(99, 'Авгит-Инструмент, ООО, магазин инструментов и', 'Маршала Жукова проспект, 100', '+7 (8442) 93-45-45'),
(100, 'Авгит-Инструмент, ООО, магазин инструментов и', '25 лет Октября, 1а ст1', '7-902-380-89-99'),
(101, 'Авгит-Инструмент, ООО, магазин инструментов и', 'Фадеева, 35', '+7 (8442) 93-43-43'),
(102, 'Август, АО, финансовый брокер', 'Коммунистическая, 19д', '+7 (8442) 600-558'),
(103, 'Август, АО, Фирма', 'Полевой переулок, 1Б', '+7 (8442) 38-78-78'),
(104, 'Авелон Спорт, интернет-магазин', 'Авиаторов шоссе, 17а', '8-800-100-40-81'),
(105, 'Аверия, ветеринарная клиника', '', '+7 (8442) 344-350'),
(106, 'Аверия, ветеринарная клиника', 'Двинская, 15Б', ''),
(107, 'Аверия, ветеринарная клиника', 'Двинская, 18', ''),
(108, 'Аверия, ветеринарная клиника', 'Двинская, 18', ''),
(109, 'Аверон, ООО, торгово-сервисная компания', '8 Воздушной Армии, 14', '7-961-81-0-72'),
(110, 'АВЕРС, автошкола', 'Мира, 142в', '7-937-553-31-61'),
(111, 'АВЕРС, центр оценки и экспертиз', 'Землянского, 7', '+7 (8442) 23-92-72'),
(112, 'Аверс-Групп, ООО', 'Пушкина, 39 ст5', '+7-927-511-19-90'),
(113, 'АвиаХимКоплекс, служба мелиорации земель, ИП ', 'Промышленная, 3', '7-961-83-0-10'),
(114, 'АВИДАремстрой, ООО, ремонтно-монтажная компан', 'им. Землячки, 11', '+7 (8442) 78-70-06'),
(115, 'АВИКО Внедренческий Центр, ООО, учебный центр', 'Ленина проспект, 189', '+7 (8442) 96-51-06'),
(116, 'Авиком, торговая компания', '', '+7 (8442) 26-96-53'),
(117, 'Авиком, торговая компания', '25 лет Октября, 1 ст215', ''),
(118, 'Авиком, торговая компания', '25 лет Октября, 1 ст143', ''),
(119, 'Авиком-Пласт, ООО, торговая компания', 'Электролесовская, 35', '+7 (8442) 98-20-80'),
(120, 'Авиком-Пласт, ООО, торговая компания', 'Электролесовская, 35/3', ''),
(121, 'АВИКО, ООО, торгово-сервисная компания, офици', 'Ленина проспект, 189', '+7 (8442) 75-83-83'),
(122, 'Ависта, ООО', 'Академическая, 22', '+7 (8442) 50-04-12'),
(123, 'Ависта, ООО, юридическая фирма', 'Маршала Рокоссовского, 29Б', '+7 (8442) 56-83-83'),
(124, 'Авис, компания по прокату и лизингу автомобил', '', '8-800-250-12-13'),
(125, 'Авис, компания по прокату и лизингу автомобил', 'Авиаторов шоссе, терминал С2', '7-927-255-15-51'),
(126, 'Авис, ООО, магазин мясной продукции', 'Профсоюзов бульвар, 15', ''),
(127, 'АВИС, ООО, оптовая компания', 'Пушкина, 39 ст21', '7-929-782-78-38'),
(128, 'АВИС, оптово-розничная компания, ООО Авто-Плю', 'Ангарская, 145', '+7 (8442) 31-92-17'),
(129, 'Авиценна, ООО, лечебно-диагностическая клиник', '', ''),
(130, 'Авиценна, ООО, лечебно-диагностическая клиник', 'Двинская, 13а', '+7 (8442) 33-76-59'),
(131, 'АВИ-деловая мебель, интернет-магазин деловой ', 'Череповецкая, 1г', '+7 (8442) 59-86-22'),
(132, 'АВКинжпром, ООО', 'Пятиморская, 35', '+7 (8442) 60-08-45'),
(133, 'АВК-система, ООО, центр автоматизации', 'Коммунистическая, 21', '+7 (8442) 26-27-45'),
(134, 'АВМ 34, ООО', 'Индустриальный 2-й проезд, 3Б', '+7 (8443) 25-69-22'),
(135, 'Авоська, продовольственный магазин', 'Марийская, 6', ''),
(136, 'Авоська, сеть продуктовых магазинов, ИП Макар', '', ''),
(137, 'Авоська, сеть продуктовых магазинов, ИП Макар', '64 Армии, 75Б', ''),
(138, 'Авоська, сеть продуктовых магазинов, ИП Макар', 'Кирова, 124/1', '');

-- --------------------------------------------------------

--
-- Структура таблицы `orders`
--

CREATE TABLE `orders` (
  `id` int(10) UNSIGNED NOT NULL,
  `sum` int(11) NOT NULL DEFAULT '0',
  `deadline` date DEFAULT NULL,
  `date` date NOT NULL,
  `description` longtext NOT NULL,
  `acts_of_completion_id` int(10) UNSIGNED DEFAULT NULL,
  `scan` varchar(45) DEFAULT NULL,
  `customers_id` int(10) UNSIGNED NOT NULL
) ENGINE=InnoDB DEFAULT CHARSET=utf8;

--
-- Дамп данных таблицы `orders`
--

INSERT INTO `orders` (`id`, `sum`, `deadline`, `date`, `description`, `acts_of_completion_id`, `scan`, `customers_id`) VALUES
(5, 100000, '2016-12-15', '2016-01-15', 'Заказ на создание Skype.', 7, 'order1.png', 2),
(6, 10, '2020-05-12', '2022-06-13', 'Заказ на создание Office Word 367', NULL, 'order2.png', 2),
(7, 2000000, '2015-02-02', '2014-12-13', 'Заказ на создание браузера.', 2, 'order22.png', 1),
(8, 232324, '2016-01-20', '2015-10-20', 'Заказ на создание площадки объявлений.', 3, 'order3.png', 3),
(9, 250000, '2020-08-11', '2020-01-01', 'Заказ на создание онлайн хранилища.', 4, 'order444.png', 3),
(10, 245545, '2016-02-03', '2015-02-03', 'Заказ на создание графического редактора.', NULL, 'order6.png', 2),
(11, 123, '2020-02-01', '2020-11-20', 'Заказ на создание мессенджера', NULL, 'scan7.pdf', 3),
(13, 123, '2020-02-01', '2020-11-20', 'Заказ на создание мессенджера', NULL, 'scan7.pdf', 3),
(14, 123, '2020-02-01', '2020-11-20', 'Заказ на создание мессенджера', NULL, 'scan7.pdf', 3),
(15, 123, '2020-02-01', '2020-11-20', 'Заказ на создание мессенджера', NULL, 'scan7.pdf', 3),
(16, 123, '2020-02-01', '2020-11-20', 'Заказ на создание мессенджера', NULL, 'scan7.pdf', 4),
(17, 123, '2020-02-01', '2020-11-20', 'Заказ на создание мессенджера', NULL, 'scan7.pdf', 4),
(18, 245545, '2016-02-03', '2015-02-03', 'Заказ на создание графического редактора.', NULL, 'order6.png', 2),
(19, 10, '2020-05-12', '2022-06-13', 'Заказ на создание Office Word 367', NULL, 'order2.png', 2),
(20, 10, '2020-05-12', '2022-06-13', 'Заказ на создание Office Word 367', NULL, 'order2.png', 2),
(21, 123, '2020-02-01', '2020-11-20', 'Заказ на создание мессенджера', NULL, 'scan7.pdf', 3),
(22, 123, '2020-02-01', '2020-11-20', 'Заказ на создание мессенджера', NULL, 'scan7.pdf', 3),
(23, 123, '2020-02-01', '2020-11-20', 'Заказ на создание мессенджера', NULL, 'scan7.pdf', 3),
(24, 123, '2020-02-01', '2020-11-20', 'Заказ на создание мессенджера', NULL, 'scan7.pdf', 3),
(25, 123, '2020-02-01', '2020-11-20', 'Заказ на создание мессенджера', NULL, 'scan7.pdf', 4),
(26, 123, '2020-02-01', '2020-11-20', 'Заказ на создание мессенджера', NULL, 'scan7.pdf', 4),
(27, 123, '2020-02-01', '2020-11-20', 'Заказ на создание мессенджера', NULL, 'scan7.pdf', 3),
(28, 123, '2020-02-01', '2020-11-20', 'Заказ на создание мессенджера', NULL, 'scan7.pdf', 4),
(29, 123, '2020-02-01', '2020-11-20', 'Заказ на создание мессенджера', NULL, 'scan7.pdf', 4),
(30, 245545, '2016-02-03', '2015-02-03', 'Заказ на создание графического редактора.', NULL, 'order6.png', 2),
(31, 10, '2020-05-12', '2022-06-13', 'Заказ на создание Office Word 367', NULL, 'order2.png', 2),
(32, 10, '2020-05-12', '2022-06-13', 'Заказ на создание Office Word 367', NULL, 'order2.png', 2),
(33, 123, '2020-02-01', '2020-11-20', 'Заказ на создание мессенджера', NULL, 'scan7.pdf', 3),
(34, 123, '2020-02-01', '2020-11-20', 'Заказ на создание мессенджера', NULL, 'scan7.pdf', 3),
(35, 123, '2020-02-01', '2020-11-20', 'Заказ на создание мессенджера', NULL, 'scan7.pdf', 3),
(36, 123, '2020-02-01', '2020-11-20', 'Заказ на создание мессенджера', NULL, 'scan7.pdf', 3),
(37, 123, '2020-02-01', '2020-11-20', 'Заказ на создание мессенджера', NULL, 'scan7.pdf', 4),
(38, 123, '2020-02-01', '2020-11-20', 'Заказ на создание мессенджера', NULL, 'scan7.pdf', 4),
(39, 2000000, '2015-02-02', '2014-12-13', 'Заказ на создание браузера.', 8, 'order22.png', 1),
(40, 232324, '2016-01-20', '2015-10-20', 'Заказ на создание площадки объявлений.', 9, 'order3.png', 3),
(41, 250000, '2020-08-11', '2020-01-01', 'Заказ на создание онлайн хранилища.', 10, 'order444.png', 3),
(42, 2000000, '2015-02-02', '2014-12-13', 'Заказ на создание браузера.', 11, 'order22.png', 1),
(43, 232324, '2016-01-20', '2015-10-20', 'Заказ на создание площадки объявлений.', 12, 'order3.png', 3),
(44, 10, '2020-05-12', '2022-06-13', 'Заказ на создание Office Word 367', NULL, 'order2.png', 2),
(45, 10, '2020-05-12', '2022-06-13', 'Заказ на создание Office Word 367', NULL, 'order2.png', 2),
(46, 123, '2020-02-01', '2020-11-20', 'Заказ на создание мессенджера', NULL, 'scan7.pdf', 3),
(47, 123, '2020-02-01', '2020-11-20', 'Заказ на создание мессенджера', NULL, 'scan7.pdf', 3),
(48, 123, '2020-02-01', '2020-11-20', 'Заказ на создание мессенджера', NULL, 'scan7.pdf', 3),
(49, 123, '2020-02-01', '2020-11-20', 'Заказ на создание мессенджера', NULL, 'scan7.pdf', 3),
(50, 123, '2020-02-01', '2020-11-20', 'Заказ на создание мессенджера', NULL, 'scan7.pdf', 4),
(51, 123, '2020-02-01', '2020-11-20', 'Заказ на создание мессенджера', NULL, 'scan7.pdf', 4),
(52, 2000000, '2015-02-02', '2014-12-13', 'Заказ на создание браузера.', 13, 'order22.png', 1),
(53, 232324, '2016-01-20', '2015-10-20', 'Заказ на создание площадки объявлений.', 14, 'order3.png', 3),
(54, 250000, '2020-08-11', '2020-01-01', 'Заказ на создание онлайн хранилища.', 15, 'order444.png', 3),
(55, 2000000, '2015-02-02', '2014-12-13', 'Заказ на создание браузера.', 16, 'order22.png', 1),
(56, 232324, '2016-01-20', '2015-10-20', 'Заказ на создание площадки объявлений.', 17, 'order3.png', 3),
(57, 10, '2020-05-12', '2022-06-13', 'Заказ на создание Office Word 367', NULL, 'order2.png', 2),
(58, 10, '2020-05-12', '2022-06-13', 'Заказ на создание Office Word 367', NULL, 'order2.png', 2),
(59, 123, '2020-02-01', '2020-11-20', 'Заказ на создание мессенджера', NULL, 'scan7.pdf', 3),
(60, 123, '2020-02-01', '2020-11-20', 'Заказ на создание мессенджера', NULL, 'scan7.pdf', 3),
(61, 123, '2020-02-01', '2020-11-20', 'Заказ на создание мессенджера', NULL, 'scan7.pdf', 3),
(62, 123, '2020-02-01', '2020-11-20', 'Заказ на создание мессенджера', NULL, 'scan7.pdf', 3),
(63, 123, '2020-02-01', '2020-11-20', 'Заказ на создание мессенджера', NULL, 'scan7.pdf', 4),
(64, 123, '2020-02-01', '2020-11-20', 'Заказ на создание мессенджера', NULL, 'scan7.pdf', 4),
(65, 2000000, '2015-02-02', '2014-12-13', 'Заказ на создание браузера.', 18, 'order22.png', 1),
(66, 232324, '2016-01-20', '2015-10-20', 'Заказ на создание площадки объявлений.', 19, 'order3.png', 3),
(67, 250000, '2020-08-11', '2020-01-01', 'Заказ на создание онлайн хранилища.', 20, 'order444.png', 3),
(68, 2000000, '2015-02-02', '2014-12-13', 'Заказ на создание браузера.', 21, 'order22.png', 1),
(69, 232324, '2016-01-20', '2015-10-20', 'Заказ на создание площадки объявлений.', 22, 'order3.png', 3),
(70, 10, '2020-05-12', '2022-06-13', 'Заказ на создание Office Word 367', NULL, 'order2.png', 2),
(71, 10, '2020-05-12', '2022-06-13', 'Заказ на создание Office Word 367', NULL, 'order2.png', 2),
(72, 123, '2020-02-01', '2020-11-20', 'Заказ на создание мессенджера', NULL, 'scan7.pdf', 3),
(73, 123, '2020-02-01', '2020-11-20', 'Заказ на создание мессенджера', NULL, 'scan7.pdf', 3),
(74, 123, '2020-02-01', '2020-11-20', 'Заказ на создание мессенджера', NULL, 'scan7.pdf', 3),
(75, 123, '2020-02-01', '2020-11-20', 'Заказ на создание мессенджера', NULL, 'scan7.pdf', 3),
(76, 123, '2020-02-01', '2020-11-20', 'Заказ на создание мессенджера', NULL, 'scan7.pdf', 4),
(77, 123, '2020-02-01', '2020-11-20', 'Заказ на создание мессенджера', NULL, 'scan7.pdf', 4),
(78, 2000000, '2015-02-02', '2014-12-13', 'Заказ на создание браузера.', 23, 'order22.png', 1),
(79, 232324, '2016-01-20', '2015-10-20', 'Заказ на создание площадки объявлений.', 24, 'order3.png', 3),
(80, 250000, '2020-08-11', '2020-01-01', 'Заказ на создание онлайн хранилища.', 25, 'order444.png', 3),
(81, 2000000, '2015-02-02', '2014-12-13', 'Заказ на создание браузера.', 26, 'order22.png', 1),
(82, 100000, '2016-12-15', '2016-01-15', 'Заказ на создание Skype.', 7, 'order1.png', 2),
(83, 10, '2020-05-12', '2022-06-13', 'Заказ на создание Office Word 367', NULL, 'order2.png', 2),
(84, 2000000, '2015-02-02', '2014-12-13', 'Заказ на создание браузера.', 2, 'order22.png', 1),
(85, 232324, '2016-01-20', '2015-10-20', 'Заказ на создание площадки объявлений.', 3, 'order3.png', 3),
(86, 250000, '2020-08-11', '2020-01-01', 'Заказ на создание онлайн хранилища.', 4, 'order444.png', 3),
(87, 245545, '2016-02-03', '2015-02-03', 'Заказ на создание графического редактора.', NULL, 'order6.png', 2),
(88, 123, '2020-02-01', '2020-11-20', 'Заказ на создание мессенджера', NULL, 'scan7.pdf', 3),
(89, 123, '2020-02-01', '2020-11-20', 'Заказ на создание мессенджера', NULL, 'scan7.pdf', 3),
(90, 123, '2020-02-01', '2020-11-20', 'Заказ на создание мессенджера', NULL, 'scan7.pdf', 3),
(91, 123, '2020-02-01', '2020-11-20', 'Заказ на создание мессенджера', NULL, 'scan7.pdf', 3),
(92, 123, '2020-02-01', '2020-11-20', 'Заказ на создание мессенджера', NULL, 'scan7.pdf', 4),
(93, 123, '2020-02-01', '2020-11-20', 'Заказ на создание мессенджера', NULL, 'scan7.pdf', 4),
(94, 245545, '2016-02-03', '2015-02-03', 'Заказ на создание графического редактора.', NULL, 'order6.png', 2),
(95, 10, '2020-05-12', '2022-06-13', 'Заказ на создание Office Word 367', NULL, 'order2.png', 2),
(96, 10, '2020-05-12', '2022-06-13', 'Заказ на создание Office Word 367', NULL, 'order2.png', 2),
(97, 123, '2020-02-01', '2020-11-20', 'Заказ на создание мессенджера', NULL, 'scan7.pdf', 3),
(98, 123, '2020-02-01', '2020-11-20', 'Заказ на создание мессенджера', NULL, 'scan7.pdf', 3),
(99, 123, '2020-02-01', '2020-11-20', 'Заказ на создание мессенджера', NULL, 'scan7.pdf', 3),
(100, 123, '2020-02-01', '2020-11-20', 'Заказ на создание мессенджера', NULL, 'scan7.pdf', 3),
(101, 123, '2020-02-01', '2020-11-20', 'Заказ на создание мессенджера', NULL, 'scan7.pdf', 4),
(102, 123, '2020-02-01', '2020-11-20', 'Заказ на создание мессенджера', NULL, 'scan7.pdf', 4),
(103, 123, '2020-02-01', '2020-11-20', 'Заказ на создание мессенджера', NULL, 'scan7.pdf', 3),
(104, 123, '2020-02-01', '2020-11-20', 'Заказ на создание мессенджера', NULL, 'scan7.pdf', 4),
(105, 123, '2020-02-01', '2020-11-20', 'Заказ на создание мессенджера', NULL, 'scan7.pdf', 4),
(106, 245545, '2016-02-03', '2015-02-03', 'Заказ на создание графического редактора.', NULL, 'order6.png', 2),
(107, 10, '2020-05-12', '2022-06-13', 'Заказ на создание Office Word 367', NULL, 'order2.png', 2),
(108, 10, '2020-05-12', '2022-06-13', 'Заказ на создание Office Word 367', NULL, 'order2.png', 2),
(109, 123, '2020-02-01', '2020-11-20', 'Заказ на создание мессенджера', NULL, 'scan7.pdf', 3),
(110, 123, '2020-02-01', '2020-11-20', 'Заказ на создание мессенджера', NULL, 'scan7.pdf', 3),
(111, 123, '2020-02-01', '2020-11-20', 'Заказ на создание мессенджера', NULL, 'scan7.pdf', 3),
(112, 123, '2020-02-01', '2020-11-20', 'Заказ на создание мессенджера', NULL, 'scan7.pdf', 3),
(113, 123, '2020-02-01', '2020-11-20', 'Заказ на создание мессенджера', NULL, 'scan7.pdf', 4),
(114, 123, '2020-02-01', '2020-11-20', 'Заказ на создание мессенджера', NULL, 'scan7.pdf', 4),
(115, 2000000, '2015-02-02', '2014-12-13', 'Заказ на создание браузера.', 8, 'order22.png', 1),
(116, 232324, '2016-01-20', '2015-10-20', 'Заказ на создание площадки объявлений.', 9, 'order3.png', 3),
(117, 250000, '2020-08-11', '2020-01-01', 'Заказ на создание онлайн хранилища.', 10, 'order444.png', 3),
(118, 2000000, '2015-02-02', '2014-12-13', 'Заказ на создание браузера.', 11, 'order22.png', 1),
(119, 232324, '2016-01-20', '2015-10-20', 'Заказ на создание площадки объявлений.', 12, 'order3.png', 3),
(120, 10, '2020-05-12', '2022-06-13', 'Заказ на создание Office Word 367', NULL, 'order2.png', 2),
(121, 10, '2020-05-12', '2022-06-13', 'Заказ на создание Office Word 367', NULL, 'order2.png', 2),
(122, 123, '2020-02-01', '2020-11-20', 'Заказ на создание мессенджера', NULL, 'scan7.pdf', 3),
(123, 123, '2020-02-01', '2020-11-20', 'Заказ на создание мессенджера', NULL, 'scan7.pdf', 3),
(124, 123, '2020-02-01', '2020-11-20', 'Заказ на создание мессенджера', NULL, 'scan7.pdf', 3),
(125, 123, '2020-02-01', '2020-11-20', 'Заказ на создание мессенджера', NULL, 'scan7.pdf', 3),
(126, 123, '2020-02-01', '2020-11-20', 'Заказ на создание мессенджера', NULL, 'scan7.pdf', 4),
(127, 123, '2020-02-01', '2020-11-20', 'Заказ на создание мессенджера', NULL, 'scan7.pdf', 4),
(128, 2000000, '2015-02-02', '2014-12-13', 'Заказ на создание браузера.', 13, 'order22.png', 1),
(129, 232324, '2016-01-20', '2015-10-20', 'Заказ на создание площадки объявлений.', 14, 'order3.png', 3),
(130, 250000, '2020-08-11', '2020-01-01', 'Заказ на создание онлайн хранилища.', 15, 'order444.png', 3),
(131, 2000000, '2015-02-02', '2014-12-13', 'Заказ на создание браузера.', 16, 'order22.png', 1),
(132, 232324, '2016-01-20', '2015-10-20', 'Заказ на создание площадки объявлений.', 17, 'order3.png', 3),
(133, 10, '2020-05-12', '2022-06-13', 'Заказ на создание Office Word 367', NULL, 'order2.png', 2),
(134, 10, '2020-05-12', '2022-06-13', 'Заказ на создание Office Word 367', NULL, 'order2.png', 2),
(135, 123, '2020-02-01', '2020-11-20', 'Заказ на создание мессенджера', NULL, 'scan7.pdf', 3),
(136, 123, '2020-02-01', '2020-11-20', 'Заказ на создание мессенджера', NULL, 'scan7.pdf', 3),
(137, 123, '2020-02-01', '2020-11-20', 'Заказ на создание мессенджера', NULL, 'scan7.pdf', 3),
(138, 123, '2020-02-01', '2020-11-20', 'Заказ на создание мессенджера', NULL, 'scan7.pdf', 3),
(139, 123, '2020-02-01', '2020-11-20', 'Заказ на создание мессенджера', NULL, 'scan7.pdf', 4),
(140, 123, '2020-02-01', '2020-11-20', 'Заказ на создание мессенджера', NULL, 'scan7.pdf', 4),
(141, 2000000, '2015-02-02', '2014-12-13', 'Заказ на создание браузера.', 18, 'order22.png', 1),
(142, 232324, '2016-01-20', '2015-10-20', 'Заказ на создание площадки объявлений.', 19, 'order3.png', 3),
(143, 250000, '2020-08-11', '2020-01-01', 'Заказ на создание онлайн хранилища.', 20, 'order444.png', 3),
(144, 2000000, '2015-02-02', '2014-12-13', 'Заказ на создание браузера.', 21, 'order22.png', 1),
(145, 232324, '2016-01-20', '2015-10-20', 'Заказ на создание площадки объявлений.', 22, 'order3.png', 3),
(146, 10, '2020-05-12', '2022-06-13', 'Заказ на создание Office Word 367', NULL, 'order2.png', 2),
(147, 10, '2020-05-12', '2022-06-13', 'Заказ на создание Office Word 367', NULL, 'order2.png', 2),
(148, 123, '2020-02-01', '2020-11-20', 'Заказ на создание мессенджера', NULL, 'scan7.pdf', 3),
(149, 123, '2020-02-01', '2020-11-20', 'Заказ на создание мессенджера', NULL, 'scan7.pdf', 3),
(150, 123, '2020-02-01', '2020-11-20', 'Заказ на создание мессенджера', NULL, 'scan7.pdf', 3),
(151, 123, '2020-02-01', '2020-11-20', 'Заказ на создание мессенджера', NULL, 'scan7.pdf', 3),
(152, 123, '2020-02-01', '2020-11-20', 'Заказ на создание мессенджера', NULL, 'scan7.pdf', 4),
(153, 123, '2020-02-01', '2020-11-20', 'Заказ на создание мессенджера', NULL, 'scan7.pdf', 4),
(154, 2000000, '2015-02-02', '2014-12-13', 'Заказ на создание браузера.', 23, 'order22.png', 1),
(155, 232324, '2016-01-20', '2015-10-20', 'Заказ на создание площадки объявлений.', 24, 'order3.png', 3),
(156, 250000, '2020-08-11', '2020-01-01', 'Заказ на создание онлайн хранилища.', 25, 'order444.png', 3),
(157, 2000000, '2015-02-02', '2014-12-13', 'Заказ на создание браузера.', 26, 'order22.png', 1);

-- --------------------------------------------------------

--
-- Структура таблицы `parts_of_tasks`
--

CREATE TABLE `parts_of_tasks` (
  `id` int(10) UNSIGNED NOT NULL,
  `name` varchar(45) DEFAULT NULL,
  `description` text,
  `finish_date` date DEFAULT NULL,
  `tasks_id` int(10) UNSIGNED NOT NULL,
  `programmers_id` int(10) UNSIGNED NOT NULL
) ENGINE=InnoDB DEFAULT CHARSET=utf8;

--
-- Дамп данных таблицы `parts_of_tasks`
--

INSERT INTO `parts_of_tasks` (`id`, `name`, `description`, `finish_date`, `tasks_id`, `programmers_id`) VALUES
(1, 'Страница корзины', NULL, '2019-05-15', 1, 2),
(2, 'header', NULL, '2020-11-19', 1, 2),
(3, 'футер', NULL, '2020-11-19', 1, 2),
(4, 'хедер, футер', NULL, '2020-11-24', 2, 2),
(5, 'Главная страница ', NULL, '2020-11-19', 1, 2),
(6, 'Главная страница ', NULL, NULL, 2, 7),
(7, 'Страница поиска', NULL, NULL, 1, 7),
(8, 'Главная страница ', NULL, NULL, 3, 7),
(10, 'Название задачи', 'Описание задачи', NULL, 4, 5);

-- --------------------------------------------------------

--
-- Структура таблицы `programmers`
--

CREATE TABLE `programmers` (
  `id` int(10) UNSIGNED NOT NULL,
  `birthdate` date NOT NULL,
  `name` varchar(70) NOT NULL,
  `phone` varchar(20) NOT NULL,
  `specialization` varchar(45) DEFAULT NULL
) ENGINE=InnoDB DEFAULT CHARSET=utf8;

--
-- Дамп данных таблицы `programmers`
--

INSERT INTO `programmers` (`id`, `birthdate`, `name`, `phone`, `specialization`) VALUES
(1, '1990-02-15', 'Никонов Игорь  Александрович', '89090802968', 'Frontend'),
(2, '1980-01-01', 'Роман Зимин', '89889702213', 'Дизайнер'),
(3, '1997-10-22', 'Баранников Роман Геннадьевич', '89220323989', 'Тестировщик'),
(4, '1997-01-01', 'Малиневская Екатерина Витальевна', '89621127011', 'Backend (php,python,java,c#)'),
(5, '2001-08-21', 'Юлина Екатерина Александровна', '8 888 888 88 88', 'Уборщица'),
(6, '2000-11-17', 'Корченкина Ангелина Алексеевна', '89220513989', 'seo специалист'),
(7, '1990-02-03', 'Леонов Николай Петрович', '89620527222', 'Frontend'),
(8, '1997-02-02', 'Никонова Дарья Юрьевна', '898 123 444 34 43', 'seo специалист'),
(9, '1961-07-21', 'УРУШЕВ АЛЕКСАНДР ЕВГЕНЬЕВИЧ', '9527428252', 'Frontend'),
(10, '1986-07-12', 'БЕЗРУКОВ ПАВЕЛ АНДРЕЕВИЧ', '+7 (922) 4344327', 'Frontend'),
(11, '1984-10-17', 'МАРЬИНА ТАТЬЯНА СЕРГЕЕВНА', '9199305597', 'Frontend'),
(12, '1983-02-19', 'ГАФИЯТОВА АЛЬБИНА ФАРИДОВНА', '9649657782', 'Frontend'),
(13, '1993-08-04', 'БАШИРОВ ИЛЬГАМ ТАВРИЗОВИЧ', '9279668898', 'Frontend'),
(14, '1964-03-10', 'МАРКИН ВЛАДИМИР АЛЕКСАНДРОВИЧ', '9123915865', 'Frontend'),
(15, '1979-02-02', 'ХОЛБОЕВ АЛИМ ЭРКАБОЕВИЧ', '9505338917', 'Frontend'),
(16, '1969-07-17', 'КОЛОСОВ АЛЕКСАНДР ИВАНОВИЧ', '9227114648', 'Frontend'),
(17, '1988-01-04', 'СМЕТАНИНА АНАСТАСИЯ ВЛАДИМИРОВНА', '9080526653', 'Frontend'),
(18, '1973-10-30', 'МИХЕЕВ ВИТАЛИЙ ГЕННАДЬЕВИЧ', '9286145677', 'Frontend'),
(19, '1990-06-14', 'БОЛЫШЕВ ПАВЕЛ МИХАЙЛОВИЧ', '9227518509', 'Frontend'),
(20, '1983-05-01', 'БУЛАНОВА АЛЕКСАНДРА НИКОЛАЕВНА', '9533891831', 'Frontend'),
(21, '1959-08-18', 'ПУСТЯКОВА ЕЛЕНА ЕВЛАМПЬЕВНА', '9536013907', 'Frontend'),
(22, '1995-02-27', 'ЗВЕРЕВА ЕКАТЕРИНА НИКОЛАЕВНА', '9003870727', 'Frontend'),
(23, '1956-08-28', 'НАУМОВА ИРИНА ВЕНЕДИКТОВНА', '9506308475', 'Frontend'),
(24, '1977-04-19', 'РЯЗАНОВА НАТАЛЬЯ ВАЛЕРЬЕВНА', '9026052544', 'Frontend'),
(25, '1993-05-22', 'КУПРИНА ЮЛИЯ СЕРГЕЕВНА', '9041738491', 'Frontend'),
(26, '1981-10-23', 'НУРИАХМЕТОВ РАДИФ САИФОВИЧ', '+7 (937) 8505482', 'Frontend'),
(27, '1960-11-04', 'ЖУК ВАЛЕНТИНА ИВАНОВНА', '9825108477', 'Frontend'),
(28, '1952-08-04', 'КРЮЧКОВА ЛИДИЯ ВЛАДИМИРОВНА', '9122602206', 'Frontend'),
(29, '1956-08-24', 'ШТИНОВА ТАТЬЯНА АЛЕКСЕЕВНА', '9502079781', 'Frontend'),
(30, '1980-06-28', 'ВОРОНКИН ЮРИЙ ВАСИЛЬЕВИЧ', '9041738762', 'Frontend'),
(31, '1960-11-10', 'МКРТЧЯН АРАКСИ АПЕТНАКОВНА', '9174623224', 'Frontend'),
(32, '1986-11-06', 'ПРОКОПЬЕВА ЕЛЕНА ИГОРЕВНА', '9514728756', 'Frontend'),
(33, '1959-08-13', 'ПАВЛОВА ЛЮДМИЛА ЕФИМОВНА', '9048790486', 'Frontend'),
(34, '1957-08-15', 'ЮРКИНА АНТОНИНА ВАСИЛЬЕВНА', '+7 (919) 9318579', 'Frontend'),
(35, '1990-03-14', 'РАДАЕВА ЕЛЕНА АЛГИРДАСОВНА', '9514579133', 'Frontend'),
(36, '1988-10-07', 'РАДЧЕНКО ВАЛЕРИЯ ВАЛИАХМЕТОВНА', '9292717843', 'Frontend'),
(37, '1981-05-06', 'КАНЮКОВА ОЛЬГА ГЕННАДЬЕВНА', '9501959765', 'Backend '),
(38, '1980-02-04', 'ШАБАНОВА ЖАННА АЛЕКСАНДРОВНА', '9223986031', 'Backend '),
(39, '1984-05-09', 'ЕКИМОВА ВИКТОРИЯ ВАЛЕРЬЕВНА', '9511144207', 'Backend '),
(40, '1960-06-26', 'САМОЯВЦЕВА ГАЛИНА ВАЛЕНТИНОВНА', '9222343218', 'Backend '),
(41, '1982-12-20', 'ОСАДЧИЙ АЛЕКСАНДР ВЛАДИМИРОВИЧ', '9222873216', 'Backend '),
(42, '1987-04-22', 'ГАФАРОВА ГУЗЕЛЬ ХАСАНОВНА', '9374855844', 'Backend '),
(43, '1976-08-12', 'АВЕРКИЕВ ВЯЧЕСЛАВ ЛЕОНИДОВИЧ', '9506537316', 'Backend '),
(44, '1980-11-14', 'КОСОЛАПОВА АНЖЕЛА ТАЛГАТОВНА', '9507256210', 'Backend '),
(45, '1993-09-29', 'ХАЙРУЛЛИНА НУРИЯ ДАМИРОВНА', '9876158557', 'Backend '),
(46, '1960-04-18', 'ПУРХАНОВА РИММА БИКБУЛАТОВНА', '9526787490', 'Backend '),
(47, '1980-02-14', 'ТУМАКОВА АННА ЕВГЕНЬЕВНА', '9193878338', 'Backend '),
(48, '1993-10-16', 'САУЛЕНКО ЕКАТЕРИНА ИГОРЕВНА', '9089148770', 'Backend '),
(49, '1967-01-13', 'ШИЛОВА РАЗИЯ АЛЕКСАНДРОВНА', '9222392097', 'Backend '),
(50, '1975-01-01', 'ДАУТОВ МАРСЕЛЬ РАДИКОВИЧ', '9373256653', 'Backend '),
(51, '1992-04-23', 'ДЮСЕНБАЕВА АНАРА РЮСТЕМОВНА', '9129299118', 'Backend '),
(52, '1975-10-30', 'МИФТАХОВА НАТАЛЬЯ СЕРГЕЕВНА', '9639077430', 'Backend '),
(53, '1983-05-12', 'РЯЗАНОВА ЕЛЕНА ЕВГЕНЬЕВНА', '9526823188', 'Backend '),
(54, '1993-05-20', 'ЗАРИПОВ ИРЕК НАСИХОВИЧ', '9625469676', 'Backend '),
(55, '1955-12-21', 'ИСКАКОВ РАФИК КАСИМОВИЧ', '9089065605', 'Backend '),
(56, '1986-04-20', 'КУЦЕНКО ЮЛИЯ СЕРГЕЕВНА', '9080464432', 'Backend '),
(57, '1966-02-16', 'РУБЦОВА ЛАРИСА БОРИСОВНА', '9086361160', 'Backend '),
(58, '1992-08-23', 'ШИРОКОВА ОКСАНА ЛЕОНИДОВНА', '9089180136', 'Backend '),
(59, '1970-02-06', 'ЗИМИНА ГАЛИНА АЛЕКСАНДРОВНА', '9630841429', 'Backend '),
(60, '1952-07-18', 'СЕДОВ АЛЕКСАНДР ВАСИЛЬЕВИЧ', '9195696969', 'Backend '),
(61, '1987-12-08', 'ГРЕЧИХА АЛЕКСАНДР ВИКТОРОВИЧ', '9324056728', 'Backend '),
(62, '1986-11-01', 'КИРДАНОВ СТАНИСЛАВ ДМИТРИЕВИЧ', '9089172001', 'Backend '),
(63, '1977-05-16', 'ПЕТЕРС ОКСАНА ВЕНАЛЬЕВНА', '9227840308', 'Backend '),
(64, '1980-07-17', 'БАРЫШНИКОВ ЕВГЕНИЙ АЛЕКСАНДРОВИЧ', '9123072950', 'Backend '),
(65, '1975-11-07', 'БАСЫРОВА ЭЛЬВИРА ФАНИСОВНА', '9174677203', 'Backend '),
(66, '1953-12-25', 'ХУДОНОСОВА РАИСА АЛЕКСЕЕВНА', '9514855183', 'Backend '),
(67, '1984-01-16', 'СЫТНИК ЕКАТЕРИНА НИКОЛАЕВНА', '+7 (922) 7058765', 'Backend '),
(68, '1960-09-21', 'ЛОБАНОВ АЛЕКСЕЙ АЛЕКСЕЕВИЧ', '9120499408', 'Backend '),
(69, '1965-03-19', 'РОМАНОВ СЕРГЕЙ ЮРЬЕВИЧ', '9049891297', 'Backend '),
(70, '1971-05-01', 'СОРОКИНА ЕЛЕНА ВАЛЕРЬЕВНА', '+7 (922) 7788246', 'Backend '),
(71, '1984-12-14', 'ИГУМЕНЩЕВА ВАЛЕНТИНА БОРИСОВНА', '9080608695', 'Backend '),
(72, '1982-10-24', 'НИКИФОРОВСКИХ ТАТЬЯНА ВАСИЛЬЕВНА', '9080533294', 'Backend '),
(73, '1986-11-13', 'КЛЕПОВА АНАСТАСИЯ ОЛЕГОВНА', '9320161386', 'Backend '),
(74, '1963-06-05', 'СОКОЛОВА МАРИНА БОРИСОВНА', '9058045850', 'Backend '),
(75, '1966-04-08', 'БОЧКАРЕВ СЕРГЕЙ ВИКТОРОВИЧ', '9126619524', 'Backend '),
(76, '1960-03-06', 'АЗАРОВ СЕРГЕЙ ПЕТРОВИЧ', '9511175242', 'Backend '),
(77, '1990-04-25', 'ШАКИРЗЯНОВА МИЛЯУША МАЗИТОВНА', '9870514101', 'Backend '),
(78, '1978-06-22', 'УШАКОВ АНДРЕЙ АЛЕКСАНДРОВИЧ', '9617538689', 'Уборщица'),
(79, '1996-02-24', 'ГАВРИЛОВ ЕВГЕНИЙ АЛЕКСЕЕВИЧ', '9050045559', 'Уборщица'),
(80, '1975-09-08', 'ИГНАТЕНКО ТАТЬЯНА ВАСИЛЬЕВНА', '9128160875', 'Уборщица'),
(81, '1976-11-25', 'УФИМЦЕВА ЕЛЕНА ВИКТОРОВНА', '9089177264', 'Уборщица'),
(82, '1964-01-19', 'МОРУЖОВА АЛИНА БОРИСОВНА', '9174345384', 'Уборщица'),
(83, '1993-12-05', 'ГАЛИЕВА ЕКАТЕРИНА АЛЕКСЕЕВНА', '9222562889', 'Уборщица'),
(84, '1981-08-02', 'СУЛЕЙМАНОВ ИЛЬДАР НУРМЫЕВИЧ', '9371531312', 'Уборщица'),
(85, '1953-11-16', 'ГЕЦЕВИЧ ГАЛИНА ИВАНОВНА', '9501926973', 'Уборщица'),
(86, '1972-02-16', 'ДРАНИЧЕНКО ИГОРЬ АНАТОЛЬЕВИЧ', '+7 (922) 1186396', 'Уборщица'),
(87, '1989-04-26', 'ОЧИР-ГОРЯЕВ НИКОЛАЙ ВЛАДИМИРОВИЧ', '+7 (937) 5010424', 'Уборщица'),
(88, '1980-11-04', 'МАТАФОНОВ КОНСТАНТИН АНАТОЛЬЕВИЧ', '9920103654', 'Уборщица'),
(89, '1983-01-04', 'ШУМАКОВА МАРИНА ВЛАДИМИРОВНА', '9028659680', 'Уборщица'),
(90, '1955-01-31', 'ДАНИЛОВА ВАЛЕНТИНА ВАСИЛЬЕВНА', '9511169562', 'Уборщица'),
(91, '1991-09-30', 'ЕРМАКОВА ВИКТОРИЯ ЭДУАРДОВНА', '+7 (952) 7353914', 'Уборщица'),
(92, '1962-02-03', 'ЯНЫШИВСКАЯ ИРИНА НИКОЛАЕВНА', '9323065100', 'Уборщица'),
(93, '1968-10-04', 'ЛУЧКИНА ИРИНА АЛЬБЕРТОВНА', '9824043249', 'Уборщица'),
(94, '1974-02-16', 'КУКАРСКАЯ НИНА ВЛАДИМИРОВНА', '9097386527', 'Уборщица'),
(95, '1980-06-07', 'КУЗНЕЦОВ НИКОЛАЙ АНАТОЛЬЕВИЧ', '9030887681', 'Уборщица'),
(96, '1980-07-22', 'ИБАШЕВА ЛЮДМИЛА РОМАНОВНА', '9825584038', 'Уборщица'),
(97, '1969-02-19', 'МОРОЗОВ ГЕОРГИЙ ИВАНОВИЧ', '9514423774', 'Уборщица'),
(98, '1988-07-05', 'КЛИМУК ИВАН НИКОЛАЕВИЧ', '9280173565', 'Уборщица'),
(99, '1965-11-08', 'ВЯЛКОВ СЕРГЕЙ АНАТОЛЬЕВИЧ', '9221890378', 'Уборщица'),
(100, '1981-01-18', 'УСТЬЯНЦЕВА ЕЛЕНА АЛЕКСАНДРОВНА', '9126877507', 'Уборщица'),
(101, '1969-06-21', 'МУСАЛЛЯМОВА АЛЬФИЯ ФАЙЗУЛЛАЕВНА', '9871022050', 'Уборщица'),
(102, '1977-09-29', 'ФОМИНЫХ СЕРГЕЙ ВИКТОРОВИЧ', '9501960410', 'Уборщица'),
(103, '1974-11-28', 'КОЛОСОВА ИРИНА ИВАНОВНА', '9504915814', 'Уборщица'),
(104, '1953-01-14', 'ЛЕОНТЬЕВА ТАТЬЯНА АЛЕКСАНДРОВНА', '9089199252', 'Уборщица'),
(105, '1962-11-07', 'АЛЕКСАНДРОВА АПОЛЛИНАРИЯ СЕРГЕЕВНА', '+7 (963) 2703338', 'Уборщица'),
(106, '1983-07-10', 'АКИНФИЕВ АНТОН СЕРГЕЕВИЧ', '9045416221', 'Уборщица'),
(107, '1981-11-01', 'ЕФРЕМОВА ОЛЬГА ВЛАДИМИРОВНА', '9273416668', 'Уборщица'),
(108, '1969-12-20', 'ГОЛУБЦОВА ЕЛЕНА АЛЕКСАНДРОВНА', '9122483814', 'Уборщица'),
(109, '1963-06-12', 'КОЗЛОВА ЛАРИСА ВЛАДИМИРОВНА', '9514455122', 'Уборщица'),
(110, '1956-07-03', 'ШТЕФАН ОЛЬГА ЕГОРОВНА', '9120797608', 'Уборщица'),
(111, '1960-12-10', 'ШИЛЯЕВА ИРИНА ИВАНОВНА', '9521393450', 'Уборщица'),
(112, '1976-07-26', 'ПЕСТЕРЕВА НАТАЛЬЯ ВЛАДИМИРОВНА', '9320153350', 'Уборщица'),
(113, '1980-06-08', 'БЕЛЯЕВА ЮЛИЯ АНДРЕЕВНА', '+7 (909) 7370629', 'Уборщица'),
(114, '1959-02-09', 'ХАКИМОВА АЙСЫЛУ ШАМИЛОВНА', '9093512019', 'Уборщица'),
(115, '1966-09-14', 'ШАРАФУТДИНОВА ИРИНА ВАСИЛЬЕВНА', '9273427830', 'Уборщица'),
(116, '1957-01-05', 'ХИСАМОВ ИЛДАР АНАСОВИЧ', '9279206234', 'Уборщица'),
(117, '1966-09-29', 'КУЗЬМЕНОК ИГОРЬ СЕМЕНОВИЧ', '9821592710', 'Уборщица'),
(118, '1958-09-09', 'ГОЛИКОВА МИНЕВАРА ЗАКВАНОВНА', '9527304511', 'Уборщица'),
(119, '1981-10-28', 'ВОСТРЕЦОВА ОЛЬГА ЮРЬЕВНА', '9173403048', 'Уборщица'),
(120, '1996-04-04', 'ТРИФАНОВА ДАРЬЯ АЛЕКСАНДРОВНА', '9514694698', 'Уборщица'),
(121, '1961-06-14', 'НАУМОВ АЛЕКСЕЙ ГЕННАДЬЕВИЧ', '9502074318', 'Уборщица'),
(122, '1993-07-16', 'ПУСТОВОЙТОВ МАКСИМ НИКОЛАЕВИЧ', '9965573871', 'Уборщица'),
(123, '1960-06-30', 'ХАНОВ ОЛЕГ РАИСОВИЧ', '9177859656', 'Уборщица'),
(124, '1959-10-22', 'МЕТЕЛЯ АНДРЕЙ ВИКТОРОВИЧ', '9126718189', 'Уборщица'),
(125, '1991-11-11', 'НАСИБУЛИН МАКСИМ ЭДУАРДОВИЧ', '9827025419', 'Уборщица'),
(126, '1957-12-08', 'КЛИМОВА ТАТЬЯНА АЛЕКСАНДРОВНА', '9177509092', 'Уборщица'),
(127, '1977-02-06', 'БОБИНА ОЛЬГА ВИКТОРОВНА', '9123037377', 'Уборщица'),
(128, '1967-09-15', 'ШАЙДУЛЛИНА ВАЛЕНТИНА ВАСИЛЬЕВНА', '9193858988', 'Уборщица'),
(129, '1995-05-16', 'ТИМОФЕЕВА ДАРЬЯ ЮРЬЕВНА', '+7 (912) 6154292', 'Уборщица'),
(130, '1990-02-24', 'МУРАТШИНА ЛИАНА НАЗИРОВНА', '9809270031', 'Уборщица'),
(131, '1966-05-17', 'ФАЗЛЫТДИНОВ ИЛЬЯС БАЯЗИТОВИЧ', '9122816980', 'Уборщица'),
(132, '1976-04-28', 'БАШИРОВА ГАЛИНА ЛЕОНИДОВНА', '9273252812', 'Уборщица'),
(133, '1968-09-04', 'МОРОЗОВ АЛЕКСАНДР ГЕННАДЬЕВИЧ', '9123070095', 'Уборщица'),
(134, '1984-04-27', 'ЧУРАКОВА ОЛЬГА ВЛАДИМИРОВНА', '+7 (908) 5724937', 'Уборщица'),
(135, '1980-02-04', 'ПРОЦЕНКО АЛЕНА ВЛАДИМИРОВНА', '9224755449', 'Уборщица'),
(136, '1953-01-11', 'ПЕТРУХИНА ЛЮБОВЬ АЛЕКСАНДРОВНА', '9026117680', 'Уборщица'),
(137, '1988-08-29', 'НЕЛЮБИН ЕВГЕНИЙ ВАЛЕРЬЕВИЧ', '9088356336', 'Уборщица'),
(138, '1984-04-12', 'МУСИХИН СЕРГЕЙ ОЛЕГОВИЧ', '9120778695', 'Уборщица'),
(139, '1961-09-06', 'СЫВАК СЕРГЕЙ ВЛАДИМИРОВИЧ', '9028576496', 'Уборщица'),
(140, '1977-07-06', 'НОВИКОВА ЛЮДМИЛА БОРИСОВНА', '9193551480', 'Уборщица'),
(141, '1988-05-14', 'КУЗНЕЦОВА ЮЛИЯ ВАСИЛЬЕВНА', '9517952666', 'Уборщица'),
(142, '1959-09-25', 'ВАСИЛЬЕВА ЛЮДМИЛА ВЛАДИМИРОВНА', '9199587877', 'Уборщица'),
(143, '1973-01-01', 'КИРИЛЛОВА ТАТЬЯНА АНАТОЛЬЕВНА', '9829212555', 'Уборщица'),
(144, '1969-02-24', 'ГАЗИЗОВ ФАНИЛЬ СИТДЫКОВИЧ', '9174176221', 'Уборщица'),
(145, '1967-04-06', 'БУЛАТОВА ЛИЛИЯ ВАЛЕНТИНОВНА', '9502046669', 'Уборщица'),
(146, '1957-10-01', 'ГИЛЬМУЛЛИНА АМИНА РАШИТОВНА', '9177872235', 'Уборщица'),
(147, '1965-05-13', 'ПЫРЕСЕВ СЕРГЕЙ ПЕТРОВИЧ', '+7 (917) 7896138', 'Уборщица'),
(148, '1983-03-12', 'ШИПИЛИНА АНАСТАСИЯ АЛЕКСАНДРОВНА', '9124144849', 'Уборщица'),
(149, '1985-06-09', 'МЕДВЕДЕВ ДМИТРИЙ ГЕННАДИЕВИЧ', '9174247152', 'Уборщица'),
(150, '1963-08-27', 'ПЕТРОСЯН АСМИК КНЯЗЕВНА', '9123987949', 'Уборщица'),
(151, '1995-09-25', 'СЕМЕНОВ ДМИТРИЙ АНДРЕЕВИЧ', '9129111406', 'Уборщица'),
(152, '1975-01-31', 'ПЕРЕВЕРТУНОВА МАРИНА ВИКТОРОВНА', '9502050499', 'Уборщица'),
(153, '1989-02-24', 'ЕРАСТОВА АННА НИКОЛАЕВНА', '9632782651', 'Уборщица'),
(154, '1966-03-19', 'НИКОЛАЕВ АНДРЕЙ НИКОЛАЕВИЧ', '9506486098', 'Уборщица'),
(155, '1984-08-13', 'ИСКЕНДАРОВ РУСЛАН МУСАДДИН ОГЛЫ', '9320538100', 'Уборщица'),
(156, '1983-05-28', 'ЛАТЫПОВА МАРИНА ФЕДОРОВНА', '9022736222', 'Уборщица'),
(157, '1964-03-16', 'ШАРМАНОВ АНДРЕЙ ВИКТОРОВИЧ', '9048880123', 'Уборщица'),
(158, '1972-06-22', 'СОЛОВЬЕВА ЛАРИСА ВЛАДИМИРОВНА', '+7 (912) 6905676', 'Уборщица'),
(159, '1985-08-01', 'БУЛАТОВ АРТУР МАРАТОВИЧ', '9273423556', 'Уборщица'),
(160, '1963-09-16', 'СТАРЦЕВА ЛАРИСА ВАСИЛЬЕВНА', '9221253375', 'Уборщица'),
(161, '1983-05-23', 'ИСАКОВА ЕКАТЕРИНА ЕВГЕНЬЕВНА', '9045405562', 'Уборщица'),
(162, '1972-09-26', 'ЗВЕРЕВ АЛЕКСЕЙ ЮРЬЕВИЧ', '9523411643', 'Уборщица'),
(163, '1968-09-20', 'ГРИГОРЬЕВ АРСЕНТИЙ АЛЕКСАНДРОВИЧ', '9222866565', 'Уборщица'),
(164, '1965-10-14', 'ФЕДОРОВА ИРИНА ВИКТОРОВНА', '9222599857', 'Уборщица'),
(165, '1991-01-14', 'АЙНЕТДИНОВА ЭЛЬВИРА ЮНУСОВНА', '9829482038', 'Уборщица'),
(166, '1977-11-20', 'БАТИЩЕВА НАТАЛЬЯ АНАТОЛЬЕВНА', '9044632918', 'Уборщица'),
(167, '1997-07-30', 'СЕМАКО МАРИЯ АЛЕКСАНДРОВНА', '9822105999', 'Уборщица'),
(168, '1960-11-06', 'ЧЕРЕМНЫХ ВИКТОР ВЛАДИМИРОВИЧ', '9026227806', 'Уборщица'),
(169, '1986-07-18', 'ВОЛЧЕНКО АЛЕКСЕЙ ГЕННАДЬЕВИЧ', '9024951397', 'Уборщица'),
(170, '1958-01-21', 'ЧЕРКАШИНА ТАТЬЯНА ВАСИЛЬЕВНА', '9123910734', 'Уборщица'),
(171, '1954-09-03', 'МАЛЛЫБАЕВА МУНИРА САХИБГАРАЕВНА', '9173500976', 'Уборщица'),
(172, '1994-09-05', 'СОЛИЕВ ШОДРУЗ ШУКУРЖОНОВИЧ', '9822151276', 'Уборщица'),
(173, '1987-12-29', 'ПАРИНСКАЯ АННА ОЛЕГОВНА', '9995877819', 'Уборщица'),
(174, '1953-12-05', 'ОВЧИННИКОВА ЛЮБОВЬ АФАНАСЬЕВНА', '9049763472', 'Уборщица'),
(175, '1991-01-06', 'ФАРВАЕВА АЛИНА ДАНИСОВНА', '9273559941', 'Уборщица'),
(176, '1969-08-03', 'БЫКОВА МАРИЯ ИВАНОВНА', '9279684900', 'Уборщица'),
(177, '1990-11-05', 'ДОЛГОРУКОВА ЕКАТЕРИНА АНАТОЛЬЕВНА', '9826401906', 'Уборщица'),
(178, '1984-07-16', 'ПАРОШИН АЛЕКСАНДР СЕРГЕЕВИЧ', '9374993332', 'Уборщица'),
(179, '1990-10-11', 'ИБРАГИМОВ АЛЬБЕРТ САМАТОВИЧ', '9292633933', 'Уборщица'),
(180, '1983-07-13', 'ГРОШЕВА ЮЛИЯ АЛЕКСАНДРОВНА', '9058578446', 'Уборщица'),
(181, '1982-07-28', 'АБУ-САМРА БАСЕЛ ЮНИС', '9821007595', 'Уборщица'),
(182, '1969-12-07', 'АНАНЬЕВА ЛАРИСА ВИКТОРОВНА', '9028289611', 'Уборщица'),
(183, '1977-02-11', 'СУРАЕВА ЕВГЕНИЯ СЕРГЕЕВНА', '9825146945', 'Уборщица'),
(184, '1984-10-06', 'ПОНОМАРЕВА АНАСТАСИЯ ОЛЕГОВНА', '9128174601', 'Уборщица'),
(185, '1980-03-18', 'КОВАЛЁВ ИГОРЬ ИГОРЕВИЧ', '9223945987', 'Уборщица'),
(186, '1960-01-20', 'ТАМАДАЕВА ЛЮДМИЛА ДЖАМАЛУТИНОВНА', '9097127076', 'Уборщица'),
(187, '1990-05-25', 'КОНДУР ЕВГЕНИЙ СЕРГЕЕВИЧ', '9827719537', 'Уборщица'),
(188, '1984-04-30', 'ЧЕРНЫШОВ ДЕНИС АЛЕКСАНДРОВИЧ', '9068201638', 'Уборщица'),
(189, '1967-02-13', 'ПАВЛОВ АНАТОЛИЙ АЛЕКСАНДРОВИЧ', '9088627501', 'Уборщица'),
(190, '1976-07-09', 'ЕРЕМЕЕВСКИХ АНДРЕЙ МИХАЙЛОВИЧ', '9504969659', 'Уборщица'),
(191, '1987-08-28', 'ПОСКРЕБЫШЕВ МАКСИМ АЛЕКСАНДРОВИЧ', '9821522825', 'Уборщица'),
(192, '1957-05-19', 'АХАИМОВА ИРИНА ИОСИФОВНА', '9224786342', 'Уборщица'),
(193, '1965-10-04', 'БАХАРЕВА ЛАРИСА НИКОЛАЕВНА', '9226505121', 'Уборщица'),
(194, '1958-03-01', 'ТКАЧЕНКО ВИКТОР ВЛАДИМИРОВИЧ', '9992580443', 'Уборщица'),
(195, '1986-05-11', 'МАЛЬКОВ АЛЕКСАНДР СЕРГЕЕВИЧ', '9963210307', 'Уборщица'),
(196, '1989-04-20', 'АНДРОНОВ АЛЕКСАНДР ВЛАДИМИРОВИЧ', '9512615601', 'Уборщица'),
(197, '1965-03-02', 'САГИТОВА ЕЛЕНА ДМИТРИЕВНА', '9874995691', 'Уборщица'),
(198, '1959-03-11', 'СЛАБУКАРОВ ХАЛИЛ ХАСИМОВИЧ', '+7 (932) 4841551', 'Уборщица'),
(199, '1974-04-03', 'МИГАЧЕВ ПАВЕЛ АНАТОЛЬЕВИЧ', '9222622342', 'Уборщица'),
(200, '1954-02-26', 'ГЛУПС ЛИДИЯ АЛЕКСАНДРОВНА', '9199217540', 'Уборщица'),
(201, '1978-10-03', 'ВУЗНЮК АЛЕКСАНДР АНАТОЛЬЕВИЧ', '9000433185', 'Уборщица'),
(202, '1978-11-02', 'БАБИЦИНА ЛЮДМИЛА ВЛАДИМИРОВНА', '9225702098', 'Уборщица'),
(203, '1974-06-06', 'СЕМЕНОВА АЙГУЛЬ ИШМУРЗАЕВНА', '+7 (989) 9549014', 'Уборщица'),
(204, '1984-06-13', 'АШИРБАКИЕВА ЛИНИЗА БАСЫРОВНА', '9829192272', 'Уборщица'),
(205, '1992-09-21', 'БАРИНОВА ЕЛЕНА АЛЕКСАНДРОВНА', '9220668521', 'Уборщица'),
(206, '1974-06-20', 'МАКАРОВА ОЛЬГА ВАЛЕРЬЕВНА', '9825140300', 'Уборщица'),
(207, '1987-04-01', 'ГОРОДЕЦКИЙ ВАЛЕРИЙ ВИКТОРОВИЧ', '9514297073', 'Уборщица'),
(208, '1976-09-03', 'КОЖЕМЯКО НАТАЛЬЯ МИХАЙЛОВНА', '9678981986', 'Уборщица'),
(209, '1995-07-11', 'ШОХИРЕВА ВИКТОРИЯ АЛЕКСАНДРОВНА', '9827821223', 'Уборщица'),
(210, '1986-09-26', 'БАДЕРИНА ЮЛИЯ АРКАДЬЕВНА', '9220728907', 'Уборщица'),
(211, '1982-11-14', 'КУЧЕРЕНКО СТАНИСЛАВ ЕВГЕНЬЕВИЧ', '9505162257', 'Уборщица'),
(212, '1997-09-04', 'ЛОГАЧЁВА МАРИЯ АЛЕКСАНДРОВНА', '9129214762', 'Уборщица'),
(213, '1987-05-04', 'БЕЛЬКО АНДРЕЙ ПАВЛОВИЧ', '9821937759', 'Уборщица'),
(214, '1985-03-25', 'ПОНОМАРЕВ ДМИТРИЙ АЛЕКСАНДРОВИЧ', '9519793110', 'Уборщица'),
(215, '1966-04-27', 'БУШМЕЛЕВ АЛЕКСАНДР АРКАДЬЕВИЧ', '9000924503', 'Уборщица'),
(216, '1963-03-16', 'РЕЗЕПИНА СВЕТЛАНА ПЕТРОВНА', '9124743853', 'Уборщица'),
(217, '1972-03-11', 'АФОНИНА НАТАЛЬЯ ФЕДОРОВНА', '9125234863', 'Уборщица'),
(218, '1958-06-27', 'ЕРМАКОВА ОЛЬГА АЛЕКСЕЕВНА', '9222253639', 'Уборщица'),
(219, '1964-10-14', 'МУХАМАТОВ РИНАТ АХМЕТЗИЕВИЧ', '+7 (982) 6371521', 'Уборщица'),
(220, '1984-12-24', 'ПРОВКИН ИВАН АЛЕКСЕЕВИЧ', '9517949735', 'Уборщица'),
(221, '1979-07-21', 'ЕПИШЕВ ЮРИЙ ВЛАДИМИРОВИЧ', '9224695028', 'Уборщица'),
(222, '1988-11-03', 'КАЗАККУЛОВА РЕГИНА РАШИТОВНА', '+7 (917) 4553437', 'Уборщица'),
(223, '1994-09-03', 'ХУНЗИ АЛЕКСЕЙ ЕГОРОВИЧ', '9003969635', 'Уборщица'),
(224, '1973-10-30', 'ОВЧИНИНА НАТАЛЬЯ ВЛАДИМИРОВНА', '9222086186', 'Уборщица'),
(225, '1982-12-14', 'ПРОКОФЬЕВ ЕВГЕНИЙ НИКОЛАЕВИЧ', '9122396560', 'Уборщица'),
(226, '1985-08-15', 'КИШАЕВА ТАТЬЯНА ВАЛЕРЬЕВНА', '+7 (950) 7200349', 'Уборщица'),
(227, '1987-04-29', 'АСЛЯМОВ РИФ АНИФОВИЧ', '9875854311', 'Уборщица'),
(228, '1980-09-06', 'КАЛУГИН АНДРЕЙ СТАНИСЛАВОВИЧ', '9321142425', 'Уборщица'),
(229, '1967-06-04', 'ЛЫСЫХ ЕЛЕНА ЯКОВЛЕВНА', '9049787109', 'Уборщица'),
(230, '1963-11-18', 'ЯНГИЛЬДИНА ОЛЬГА ДИГИТАШЕВНА', '+7 (917) 7876063', 'Уборщица'),
(231, '1984-03-23', 'ХАЛИКОВА ЛИЛИЯ РАМИЛОВНА', '+7 (903) 3544162', 'Уборщица'),
(232, '1979-08-23', 'КАСАТКИНА АНАСТАСИЯ ВИКТОРОВНА', '9821098370', 'Уборщица'),
(233, '1959-07-28', 'ШАРИФУЛЛИНА ФИЛИЯ ФАРИТОВНА', '9196078790', 'Уборщица'),
(234, '1975-11-16', 'КАФЕЕВА НАТАЛЬЯ РАВИЛЬЕВНА', '9124021530', 'Уборщица'),
(235, '1983-05-11', 'АНТИПИНА НАТАЛЬЯ ЛЕОНИДОВНА', '9088707614', 'Уборщица'),
(236, '1982-02-26', 'АБСАДЫКОВ ВЛАДИСЛАВ АНДРЕЕВИЧ', '+7 (965) 6439868', 'Уборщица'),
(237, '1984-01-18', 'ЛОГИНОВА ГАЛИНА АЛЕКСАНДРОВНА', '9517919191', 'Уборщица'),
(238, '1982-08-12', 'ШИЛОВА ОЛЬГА ВИКТОРОВНА', '9022654012', 'Уборщица'),
(239, '1996-08-15', 'ХАРРАСОВА ЭЛЛИНА АЛЬБЕРТОВНА', '9196048512', 'Тестировщик'),
(240, '1997-09-10', 'КУСКОВ СЕРГЕЙ ВЯЧЕСЛАВОВИЧ', '9014399733', 'Тестировщик'),
(241, '1991-10-18', 'ОСИПОВ ЕВГЕНИЙ АЛЕКСАНДРОВИЧ', '9128394378', 'Тестировщик'),
(242, '1973-02-27', 'ЖАК ЮЛИЯ АРТУРОВНА', '+7 (912) 2772690', 'Тестировщик'),
(243, '1989-10-08', 'ВАВИЛОВ ДМИТРИЙ ЕВГЕНЬЕВИЧ', '9502000302', 'Тестировщик'),
(244, '1996-10-01', 'КОНЕВ АЛЕКСАНДР ИГОРЕВИЧ', '9088322454', 'Тестировщик'),
(245, '1960-10-03', 'АСАЧЕВ АЛЕКСАНДР ПЕТРОВИЧ', '9525097376', 'Тестировщик'),
(246, '1978-03-04', 'ЗИНУРОВА РЕГИНА АЛЬФРЕДОВНА', '9174537301', 'Тестировщик'),
(247, '1981-07-15', 'ЭЛЬЗЕНБАХ ТАТЬЯНА ВЛАДИМИРОВНА', '9129273495', 'Тестировщик'),
(248, '1977-06-16', 'ЖЕЛЕЗНЯК ОКСАНА ВЯЧЕСЛАВОВНА', '9824043901', 'Тестировщик'),
(249, '1982-06-23', 'ДОРОНОВА СВЕТЛАНА АЛЕКСЕЕВНА', '9519813280', 'Тестировщик'),
(250, '1974-07-03', 'ДЕГТЯРЕВ ВЯЧЕСЛАВ ВИКТОРОВИЧ', '9174453284', 'Тестировщик'),
(251, '1964-02-29', 'БРУСНИЦЫНА НАТАЛЬЯ НИКОЛАЕВНА', '9632745051', 'Тестировщик'),
(252, '1986-07-20', 'КУЗНЕЦОВА ТАТЬЯНА СЕРГЕЕВНА', '9527270414', 'Тестировщик'),
(253, '1987-01-12', 'СИДОРОВИЧ КРИСТИНА ВЛАДИМИРОВНА', '9630803080', 'Тестировщик'),
(254, '1991-09-02', 'КУЗНЕЦОВ КИРИЛЛ КОНСТАНТИНОВИЧ', '9193032283', 'Тестировщик'),
(255, '1983-11-09', 'САДРЕТДИНОВА ЛУИЗА РАФАИЛОВНА', '9507363590', 'Тестировщик'),
(256, '1956-10-20', 'ЯЛОВИЦКАЯ ТАТЬЯНА ИВАНОВНА', '9089097242', 'Тестировщик'),
(257, '1982-01-24', 'ХРЕННИКОВ ЕВГЕНИЙ ИГОРЕВИЧ', '9000874152', 'Тестировщик'),
(258, '1989-05-18', 'ЗАГИДУЛЛИН АРТУР ВЯЧЕСЛАВОВИЧ', '9248720447', 'Тестировщик'),
(259, '1996-12-09', 'МАЛЮКОВ ИВАН ОЛЕГОВИЧ', '9505593757', 'Тестировщик'),
(260, '1974-07-04', 'КОВАЛЕВ ЮРИЙ ВЯЧЕСЛАВОВИЧ', '9128339882', 'Тестировщик'),
(261, '1997-11-18', 'ПЕРФИЛЬЕВА КРИСТИНА АЛЕКСЕЕВНА', '9518199225', 'Тестировщик'),
(262, '1993-02-09', 'ДЬЯЧЕНКО КСЕНИЯ ВЛАДИМИРОВНА', '9826011126', 'Тестировщик'),
(263, '1989-07-25', 'ХРОМОВ ПАВЕЛ АНДРЕЕВИЧ', '9068534856', 'Тестировщик'),
(264, '1988-08-31', 'НУРГАЛИЕВА ЮЛИЯ МАРАТОВНА', '+7 (960) 8051884', 'Тестировщик'),
(265, '1982-06-13', 'ИШБУЛАТОВА ЭЛЬЗА ЗАКИРОВНА', '9006753183', 'Тестировщик'),
(266, '1987-10-18', 'МЕЩЕРЯКОВА ОЛЬГА НИКОЛАЕВНА', '9199253095', 'Тестировщик'),
(267, '1986-05-15', 'БАБАСКИНА ЕКАТЕРИНА ВАЛЕРЬЕВНА', '9122885300', 'Тестировщик'),
(268, '1955-11-21', 'ОЛОХОВА ТАТЬЯНА ЯКОВЛЕВНА', '9225725587', 'Тестировщик'),
(269, '1982-07-18', 'СТАРЦЕВА ЛИРА ЮЛАЕВНА', '9373153232', 'Тестировщик'),
(270, '1989-02-17', 'ГАРИФУЛЛИН РУСТАМ РАУФОВИЧ', '9374742000', 'Тестировщик'),
(271, '1962-01-08', 'СМИРНОВА НАДЕЖДА ИВАНОВНА', '9049855667', 'Тестировщик'),
(272, '1988-02-12', 'БАШАРОВА НАИЛЯ РАДИКОВНА', '9872427734', 'Тестировщик'),
(273, '1979-10-23', 'МАЛКОВ АЛЕКСЕЙ ВЛАДИМИРОВИЧ', '+7 (953) 3878080', 'Тестировщик'),
(274, '1978-05-21', 'ГЛЕБОВ СЕРГЕЙ ВЛАДИМИРОВИЧ', '9089132887', 'Тестировщик'),
(275, '1953-08-12', 'УЛЬЯНОВ АЛЕКСАНДР СЕРГЕЕВИЧ', '9225608343', 'Тестировщик'),
(276, '1973-09-26', 'РЕШЕТНИКОВ ЕВГЕНИЙ АЛЕКСАНДРОВИЧ', '9227132171', 'Тестировщик'),
(277, '1985-06-04', 'ЧЕТВЕРТНЁВ АЛЕКСАНДР ВАЛЕРЬЕВИЧ', '9173777701', 'Тестировщик'),
(278, '1978-03-13', 'ЛИТВИНОВ ВАДИМ АЛЕКСАНДРОВИЧ', '9191122906', 'Тестировщик'),
(279, '1991-11-07', 'НОВИКОВА НАТАЛИЯ ЕВГЕНЬЕВНА', '9008054344', 'Тестировщик'),
(280, '1961-07-09', 'ЧАШКО НАТАЛЬЯ АЛЕКСАНДРОВНА', '9127779378', 'Тестировщик'),
(281, '1986-07-04', 'ПОВАРНИЦЫН АЛЕКСЕЙ ЛЕОНИДОВИЧ', '9002068444', 'Тестировщик'),
(282, '1961-03-01', 'ГАЙСАРОВА ВАЛЕНТИНА ЮРЬЕВНА', '9174736657', 'Тестировщик'),
(283, '1966-08-03', 'ФАТТАХОВА НУРЗИЯ ФАНИСОВНА', '9173705301', 'Тестировщик'),
(284, '1993-09-02', 'НИКОЛАЕВА ЛЮБОВЬ ВИКТОРОВНА', '9822043162', 'Тестировщик'),
(285, '1967-05-24', 'ПЕТРОВА ЛЮДМИЛА ЮРЬЕВНА', '9028194767', 'Тестировщик'),
(286, '1990-07-16', 'МАЛЫШЕВ АНДРЕЙ ВЛАДИМИРОВИЧ', '9505399841', 'Тестировщик'),
(287, '1972-07-18', 'АЗАРКО АЛЕКСАНДР ВЛАДИМИРОВИЧ', '9519631693', 'Тестировщик'),
(288, '1961-01-06', 'КАПЛЯ АНАТОЛИЙ ЕФИМОВИЧ', '9527134838', 'Тестировщик'),
(289, '1964-01-13', 'ШАРЫМОВ АНАТОЛИЙ АНАТОЛЬЕВИЧ', '9224408128', 'Тестировщик'),
(290, '1976-05-31', 'ХАЛИУЛИН ИЛЬЯС АНВАРОВИЧ', '9829431474', 'Тестировщик'),
(291, '1967-04-15', 'ИСАМАММАЕВ БИЛИСЛАМ ШАРАБУТТИНОВИЧ', '9224330077', 'Тестировщик'),
(292, '1960-12-15', 'ВЯТКИН СЕРГЕЙ ВАЛЕНТИНОВИЧ', '9195776679', 'Тестировщик'),
(293, '1965-04-15', 'ХАТИПОВ КАВЫЙ ИСКАНДАРОВИЧ', '9373272040', 'Тестировщик'),
(294, '1994-04-18', 'ЛЫСЕНКО АЛЕКСАНДР АЛЕКСЕЕВИЧ', '9829142106', 'Тестировщик'),
(295, '1981-11-26', 'БАЙРАМОВА ЛЮБОВЬ ВИТАЛЬЕВНА', '9870515979', 'Тестировщик'),
(296, '1981-04-28', 'КОЖАЕВ ВИТАЛИЙ БОРИСОВИЧ', '9049769646', 'Тестировщик'),
(297, '1956-05-24', 'ВЕТОШНИКОВА НИНА ИОСИФОВНА', '9220912866', 'Тестировщик'),
(298, '1991-09-04', 'МИСБАХОВ АЛЕКСЕЙ РИФГАТОВИЧ', '+7 (904) 4826666', 'Тестировщик'),
(299, '1958-12-30', 'МОКИН ЕВГЕНИЙ ИГОРЕВИЧ', '9320569857', 'Тестировщик'),
(300, '1989-02-13', 'НАВАСАРДЯН НАРИНЕ АРАЕВНА', '9828821777', 'Тестировщик'),
(301, '1994-08-02', 'АНТОНЕНКО ИЛЬЯ ЮРЬЕВИЧ', '9969461492', 'Тестировщик'),
(302, '1991-11-02', 'ИВАНОВ АЛЕКСАНДР ВАСИЛЬЕВИЧ', '9088716252', 'Тестировщик'),
(303, '1998-01-05', 'ТАТАРОВА КСЕНИЯ ИГОРЕВНА', '9088699011', 'Тестировщик'),
(304, '1970-01-11', 'ТЕРЕЩЕНКО АЛЕКСАНДР ВЛАДИМИРОВИЧ', '+7 (982) 2131723', 'Тестировщик'),
(305, '1985-06-05', 'СЕМЕНЮК ЛЮДМИЛА ВЛАДИМИРОВНА', '9224558424', 'Тестировщик'),
(306, '1978-10-13', 'ЖИВОТИКОВ ЕВГЕНИЙ АЛЕКСЕЕВИЧ', '9619863544', 'Тестировщик'),
(307, '1977-08-29', 'КОНОНЕЦ ОКСАНА НИКОЛАЕВНА', '9088638284', 'Тестировщик'),
(308, '1960-01-03', 'КАРАПЕТЯН ЗУЛФИЯ КАРИМОВНА', '9505084917', 'Тестировщик'),
(309, '1987-03-07', 'БРОННИКОВА АЛЕВТИНА ВАСИЛЬЕВНА', '9634502653', 'Тестировщик'),
(310, '1983-12-16', 'МИХАЙЛОВ СЕРГЕЙ АЛЕКСАНДРОВИЧ', '9199381595', 'Тестировщик'),
(311, '1970-04-03', 'ТЕКУТЬЕВА ОЛЬГА АВКСЕНТЬЕВНА', '9224819545', 'Тестировщик'),
(312, '1983-02-28', 'ДРОБЫШЕВ КОНСТАНТИН ЕВГЕНЬЕВИЧ', '9129963540', 'Тестировщик'),
(313, '1975-08-30', 'БЕЛЯЕВ ПАВЕЛ ВИКТОРОВИЧ', '9224859318', 'Тестировщик'),
(314, '1970-05-26', 'ЧЕТВЕРКИНА ЕЛЕНА НИКОЛАЕВНА', '+7 (922) 4743026', 'Тестировщик'),
(315, '1977-02-18', 'ГЕРАСИМОВА НАДЕЖДА ВАЛЕРЬЕВНА', '9068866722', 'Тестировщик'),
(316, '1984-12-07', 'ШАРОВА ОЛЬГА ВАСИЛЬЕВНА', '9024919804', 'Тестировщик'),
(317, '1985-11-29', 'ПИТИРИМОВ ЕВГЕНИЙ АЛЕКСАНДРОВИЧ', '9385077155', 'Тестировщик'),
(318, '1973-05-21', 'ГРИШКИНА ВАЛЕНТИНА НИКОЛАЕВНА', '9505395781', 'Тестировщик'),
(319, '1990-09-17', 'МАКОЕД АНАСТАСИЯ КОНСТАНТИНОВНА', '9129208711', 'Тестировщик'),
(320, '1967-03-30', 'ШАПАРЕВИЧ НАТАЛЬЯ РУДОЛЬФОВНА', '9324187399', 'Тестировщик'),
(321, '1982-11-12', 'КУЗНЕЦОВ ДЕНИС СЕРГЕЕВИЧ', '9044641889', 'Тестировщик'),
(322, '1961-08-06', 'САВЕЛЬЕВСКИХ АНАТОЛИЙ АЛЕКСАНДРОВИЧ', '9527228897', 'Тестировщик'),
(323, '1978-12-15', 'СИПКИН ВАДИМ ВЛАДИСЛАВОВИЧ', '9028200913', 'Тестировщик'),
(324, '1966-11-30', 'ФИЛИППОВА СВЕТЛАНА ИВАНОВНА', '9825123829', 'Тестировщик'),
(325, '1989-03-05', 'ПАНКОВА ИРИНА ПЕТРОВНА', '9220503989', 'Тестировщик'),
(326, '1996-07-10', 'КАЛИНЧЕВА АННА ЮРЬЕВНА', '9129239685', 'Тестировщик'),
(327, '1967-01-01', 'ПУЗЫРЕВА ЕЛЕНА АЛЕКСЕЕВНА', '9026290116', 'Тестировщик'),
(328, '1980-03-16', 'ГИМАТОВ ЭДУАРД РАФИКОВИЧ', '9097393432', 'Тестировщик'),
(329, '1959-09-23', 'ЗМАНОВСКАЯ НАДЕЖДА АЛЕКСАНДРОВНА', '9088800304', 'Тестировщик'),
(330, '1991-08-30', 'ГОРШКОВ КИРИЛЛ ОЛЕГОВИЧ', '9825059480', 'Тестировщик'),
(331, '1975-03-22', 'СТАНИНА ТАТЬЯНА ВАЛЕРИЕВНА', '9003905397', 'Тестировщик'),
(332, '1989-05-15', 'ФЕДОТОВ ДМИТРИЙ ФЕДОРОВИЧ', '9829349066', 'Тестировщик'),
(333, '1970-03-21', 'ПОПОВ ИГОРЬ АЛЕКСАНДРОВИЧ', '9224286957', 'Тестировщик'),
(334, '1978-02-17', 'ЕВСИКОВ ВИКТОР АНАТОЛЬЕВИЧ', '9504826586', 'Тестировщик'),
(335, '1961-07-29', 'ПЛОТНИКОВА СВЕТЛАНА НИКОЛАЕВНА', '9923129422', 'Тестировщик'),
(336, '1985-06-16', 'ХАЕРНАСОВ РАФКАТ ТОФИКОВИЧ', '9525003646', 'Тестировщик'),
(337, '1967-04-23', 'ПЕЧЕНКИНА ГАЛИНА ВАСИЛЬЕВНА', '9097255161', 'Тестировщик'),
(338, '1986-11-05', 'ЦЫПЛЕНКОВА ВАЛЕРИЯ СЕРГЕЕВНА', '9044788608', 'Тестировщик'),
(339, '1954-10-31', 'ПРАСОЛОВА ЛЮДМИЛА ДМИТРИЕВНА', '9658383106', 'Тестировщик'),
(340, '1969-02-08', 'ПАРЕЦКИЙ АЛЕКСАНДР АНАТОЛЬЕВИЧ', '9821098409', 'Тестировщик'),
(341, '1984-01-19', 'КОРОТОВСКИЙ АЛЕКСАНДР АЛЕКСАНДРОВИЧ', '9517792166', 'Тестировщик'),
(342, '1969-06-24', 'ЗАСЫПКИН АЛЕКСЕЙ АНАТОЛЬЕВИЧ', '9049738250', 'Тестировщик'),
(343, '1968-03-17', 'ОСЕТРОВ ЮРИЙ ВЛАДИМИРОВИЧ', '9174234102', 'Тестировщик'),
(344, '1977-09-01', 'МАУЛЬ ВИКТОР ЯКОВЛЕВИЧ', '9222539914', 'Тестировщик'),
(345, '1997-10-23', 'САФЕЕВА СВЕТЛАНА НУРИЯХМАТОВНА', '9963213091', 'Тестировщик'),
(346, '1996-10-23', 'КОРЧЕМКИНА ЮЛИЯ ВАЛЕРЬЕВНА', '9825017176', 'Тестировщик'),
(347, '1990-05-08', 'СМИРНОВА АНАСТАСИЯ ПАВЛОВНА', '9227909307', 'Тестировщик'),
(348, '1982-12-19', 'ЛИННИК ГЕННАДИЙ ЛЕОНИДОВИЧ', '9526808290', 'Тестировщик'),
(349, '1994-06-01', 'РОХТЫМОВ БОРИС ИГОРЕВИЧ', '9924062791', 'Тестировщик'),
(350, '1970-08-30', 'ЛЕТЯГИН АЛЕКСАНДР СЕРГЕЕВИЧ', '9923003900', 'Тестировщик'),
(351, '1993-10-16', 'ШАРИПОВ АБДУАЗИЗ ТУРСУНБОЕВИЧ', '9821594991', 'Тестировщик'),
(352, '1990-02-04', 'ХМАРА НАТАЛЬЯ СЕРГЕЕВНА', '9123856463', 'Тестировщик'),
(353, '1994-10-25', 'ГАЗИЗОВ ВАЗИР ЗАБИРОВИЧ', '9273178321', 'Тестировщик'),
(354, '1963-03-03', 'БОЛЬШАКОВА ГАЛИНА НИКОЛАЕВНА', '9514781674', 'Тестировщик'),
(355, '1958-08-01', 'ЧЕРНЫХ МУРСИЛЯ АСХАТОВНА', '9123842975', 'Тестировщик'),
(356, '1984-09-19', 'СИМАХИНА АНАСТАСИЯ СЕРГЕЕВНА', '9506457900', 'Тестировщик'),
(357, '1960-09-26', 'ПОНОВИКОВА НАДЕЖДА ИВАНОВНА', '9514418360', 'Тестировщик'),
(358, '1970-12-11', 'ЗЕЛЕНИНА ЕКАТЕРИНА АЛЕКСАНДРОВНА', '+7 (987) 2551299', 'Тестировщик'),
(359, '1968-04-02', 'СОКОЛОВ ЮРИЙ ВИТАЛЬЕВИЧ', '9630689634', 'Тестировщик'),
(360, '1959-12-10', 'МАКУХА ВИКТОР АЛЕКСЕЕВИЧ', '9825963303', 'Тестировщик'),
(361, '1974-08-03', 'НУРГАЛЕЕВ ЭДУАРД АДАНИСОВИЧ', '9127759096', 'Тестировщик'),
(362, '1968-04-21', 'БУТОРИН ИГОРЬ ОЛЕГОВИЧ', '9048880887', 'Тестировщик'),
(363, '1957-09-03', 'СЕНАТОРОВ ЕВГЕНИЙ СЕРГЕЕВИЧ', '9122992894', 'Тестировщик'),
(364, '1992-12-14', 'ИШМУРАТОВА АЛИНА ТИМУРОВНА', '9872595681', 'Тестировщик'),
(365, '1983-05-29', 'ГОРШКОВА ЛИЛИЯ РАДИКОВНА', '9196126702', 'Тестировщик'),
(366, '1961-04-04', 'ХАРИТОНОВА ИРИНА ИГОРЕВНА', '9122049649', 'Тестировщик'),
(367, '1958-11-12', 'БАЙМУРЗИНА ТАТЬЯНА ЛЕОНИДОВНА', '+7 (912) 2837855', 'Тестировщик'),
(368, '1960-12-07', 'КИЧИГИНА СВЕТЛАНА АНАТОЛЬЕВНА', '+7 (904) 9861302', 'Тестировщик'),
(369, '1990-12-05', 'ШУМИЛОВА АЛЕКСАНДРА ВИКТОРОВНА', '9028500231', 'Тестировщик'),
(370, '1971-11-09', 'КОСЕНКО ВИКТОР ВАЛЕНТИНОВИЧ', '9226065477', 'Тестировщик'),
(371, '1970-07-17', 'САДЫКОВА СОФЬЯ ФАТЫХОВНА', '9088738355', 'Тестировщик'),
(372, '1989-10-31', 'ШУГАЕВ МАКСИМ ЮРЬЕВИЧ', '9326108187', 'Тестировщик'),
(373, '1994-12-20', 'ЧЕРЕПАНОВА АНАСТАСИЯ ЛЬВОВНА', '9501939287', 'Тестировщик'),
(374, '1975-08-29', 'НЕМЦЕВ ЮРИЙ ВИТАЛЬЕВИЧ', '9512503946', 'Тестировщик'),
(375, '1964-06-10', 'СУЛТАНОВА ТАМАРА ХУСАИНОВНА', '9279580447', 'Тестировщик'),
(376, '1984-01-13', 'СУЛТАНОВА ЛИНАРИЯ ФАГИМОВНА', '9632389053', 'Тестировщик'),
(377, '1981-06-26', 'СЛОБЦОВ АНАТОЛИЙ ОЛЕГОВИЧ', '9321129685', 'Тестировщик'),
(378, '1952-09-11', 'ЧЕПИЛЕВСКАЯ ЛАРИСА ВИКТОРОВНА', '9123237464', 'Тестировщик'),
(379, '1971-11-21', 'БОГОМАЗОВА ЛЮДМИЛА АНАТОЛЬЕВНА', '9199261101', 'Тестировщик'),
(380, '1975-06-16', 'ЖУЧЕНКО ВЯЧЕСЛАВ ВАЛЕРЬЕВИЧ', '9093456480', 'Тестировщик'),
(381, '1965-02-09', 'ШОРНИКОВА ЛИЛИЯ НИКОЛАЕВНА', '9821433168', 'Тестировщик'),
(382, '1956-01-18', 'ТИМОФЕЕВ ИВАН ВИКТОРОВИЧ', '9080920954', 'Тестировщик'),
(383, '1969-06-29', 'ОВЧИННИКОВА ТАТЬЯНА РАУФОВНА', '9199287520', 'Тестировщик'),
(384, '1992-01-26', 'ВОИНОВ ВАДИМ ВАДИМОВИЧ', '9829495801', 'Тестировщик'),
(385, '1973-12-04', 'ЖОЛОБОВА ТАТЬЯНА БОРИСОВНА', '9122758993', 'Тестировщик'),
(386, '1971-04-30', 'СТАРОДУБОВ АНДРЕЙ БОРИСОВИЧ', '9195878755', 'Тестировщик'),
(387, '1961-01-02', 'ДУДКИНА ГАЛИНА АЛЕКСЕЕВНА', '9519704515', 'Тестировщик'),
(388, '1954-03-26', 'АНДРЕЕВ ПЕТР САРАПИОНОВИЧ', '9126543031', 'Тестировщик'),
(389, '1979-03-16', 'ШИРОКИХ ЛЕОНИД АЛЕКСАНДРОВИЧ', '9195662180', 'Тестировщик'),
(390, '1956-02-19', 'СТЕПУЧЕВА АЛЕВТИНА ПЕТРОВНА', '+7 (900) 0484867', 'Тестировщик'),
(391, '1965-09-28', 'РЯБЧЕНЮК АНДРЕЙ ИВАНОВИЧ', '9826630165', 'Тестировщик'),
(392, '1985-06-09', 'УБАСЕВ ДМИТРИЙ СЕРГЕЕВИЧ', '9199303239', 'Тестировщик'),
(393, '1968-03-14', 'ИСЛАМОВ АЛИ БЕКАЛИЕВИЧ', '9292681313', 'Тестировщик'),
(394, '1984-07-07', 'ВИНОГРАДОВА ЕКАТЕРИНА ЕВГЕНЬЕВНА', '9823686858', 'Тестировщик'),
(395, '1988-07-29', 'ХАМИТОВА ГУЗЕЛЬ НАИЛЕВНА', '9273033739', 'Тестировщик'),
(396, '1968-01-02', 'КАБИРОВ МУМИНЖОН РАХМОНОВИЧ', '9125392841', 'Тестировщик'),
(397, '1965-12-05', 'РЗАЕВ РОВШАН ХЕЙРУЛЛА ОГЛЫ', '9068116971', 'Тестировщик'),
(398, '1959-01-16', 'САФИНА ФАЙРУЗА РАМАЗАНОВНА', '9617641751', 'Тестировщик'),
(399, '1985-10-10', 'БАГАУТДИНОВ ШАМИЛЬ АВЗАЛОВИЧ', '+7 (927) 9307982', 'Тестировщик'),
(400, '1986-02-05', 'НУРГАЛИЕВ АЛЬБЕРТ РАСУЛЕВИЧ', '+7 (917) 7361718', 'Тестировщик'),
(401, '1983-10-12', 'НИКОЛАЕВ АЛЕКСЕЙ ВЛАДИМИРОВИЧ', '9030903713', 'Тестировщик'),
(402, '1962-01-26', 'СУМКИНА ИРИНА РАШИТОВНА', '9045438980', 'Тестировщик'),
(403, '1955-11-15', 'ТЕФФЕНБЕРГ ПЕТР ВАДИМОВИЧ', '9058570671', 'Тестировщик'),
(404, '1986-10-23', 'ПАВЛЕНКО ЕВГЕНИЙ ВАСИЛЬЕВИЧ', '9199290545', 'Тестировщик'),
(405, '1961-07-01', 'КАНЮКОВА ЛЮБОВЬ АЛЕКСАНДРОВНА', '9043832200', 'Тестировщик'),
(406, '1992-10-12', 'КИРИЛЛОВ РОМАН ОЛЕГОВИЧ', '9022795385', 'Тестировщик'),
(407, '1982-04-29', 'ПОПОВ ИВАН НИКОЛАЕВИЧ', '9678522522', 'Тестировщик'),
(408, '1967-08-20', 'ИСИНЬКИНА СВЕТЛАНА МИХАЙЛОВНА', '9123048742', 'Тестировщик'),
(409, '1995-04-13', 'ГАТАУЛЛИНА АЛИЯ ФИРГАТОВНА', '9174193037', 'Тестировщик'),
(410, '1989-03-14', 'ЕРЁМИНА ОЛЬГА ВИКТОРОВНА', '9049782763', 'Тестировщик'),
(411, '1982-01-06', 'ГЛУХИХ НАТАЛЬЯ НИКОЛАЕВНА', '9088327500', 'Тестировщик'),
(412, '1983-07-10', 'АКИНФИЕВ АНТОН СЕРГЕЕВИЧ', '9045416221', 'Тестировщик'),
(413, '1980-09-17', 'ТРИОБЧУК ЕВГЕНИЙ АЛЕКСАНДРОВИЧ', '+7 (912) 6087032', 'Тестировщик'),
(414, '1970-09-18', 'МАЛЬКОВ АЛЕКСЕЙ АНАТОЛЬЕВИЧ', '9068063171', 'Тестировщик'),
(415, '1984-10-01', 'СУДНИЦИНА МАРИНА АЛЕКСАНДРОВНА', '9126155778', 'Дизайнер'),
(416, '1976-09-27', 'КУРДУЛЬКО АЛЕКСАНДР ЮРЬЕВИЧ', '9527405912', 'Дизайнер'),
(417, '1975-08-08', 'МУХИТДИНОВ АЗАМАТ АНВАРОВИЧ', '9080745325', 'Дизайнер'),
(418, '1968-05-26', 'АЗАНОВ ОЛЕГ ВЯЧЕСЛАВОВИЧ', '9089187024', 'Дизайнер'),
(419, '1974-02-20', 'ЛОПИНА АННА АЛЕКСАНДРОВНА', '9823479825', 'Дизайнер'),
(420, '1980-06-08', 'ТУРСУНОВА УМЕДА ДЖАМОЛИДДИНОВНА', '9870511501', 'Дизайнер'),
(421, '1956-09-15', 'САПУНОВА ЛЮБОВЬ ВЕНИАМИНОВНА', '9199386544', 'Дизайнер'),
(422, '1955-02-24', 'ГРИЦАЙ НАДЕЖДА ДМИТРИЕВНА', '9093470322', 'Дизайнер'),
(423, '1962-10-29', 'ЗАЯЦ ЕКАТЕРИНА НИКОЛАЕВНА', '9514516229', 'Дизайнер'),
(424, '1986-10-05', 'КАДОМЦЕВ ВЛАДИМИР НИКОЛАЕВИЧ', '9819333478', 'Дизайнер'),
(425, '1952-07-14', 'ЗАКИРОВ МУСА АХМЕТСАФИЕВИЧ', '9120775253', 'Дизайнер'),
(426, '1972-12-16', 'КУЗНЕЦОВ АНДРЕЙ АНАТОЛЬЕВИЧ', '9829498208', 'Дизайнер'),
(427, '1966-08-16', 'СУЕТИНА ЕЛЕНА ВАСИЛЬЕВНА', '9199496766', 'Дизайнер'),
(428, '1955-11-30', 'ПЕРЕВАЛОВА НАТАЛИЯ ПЕТРОВНА', '9068265322', 'Дизайнер'),
(429, '1973-08-08', 'ФЕДОРОВ АНДРЕЙ ГЕННАДЬЕВИЧ', '9226096031', 'Дизайнер'),
(430, '1974-08-25', 'ГАЛИМОВА АЛЬБИНА НАДИРОВНА', '9270842771', 'Дизайнер'),
(431, '1972-08-27', 'ЗАРИПОВА МИЛЯУША НАЗАРОВНА', '+7 (904) 4742544', 'Дизайнер'),
(432, '1956-05-16', 'ЧАРИНЦЕВ МИХАИЛ НИКОЛАЕВИЧ', '9045493289', 'Дизайнер'),
(433, '1966-06-14', 'ШИХОВ АЛЬБЕРТ ВЛАДИМИРОВИЧ', '9221669578', 'Дизайнер'),
(434, '1955-11-15', 'БЕЛЮШИНА ВАЛЕНТИНА ВАСИЛЬЕВНА', '9177687792', 'Дизайнер'),
(435, '1983-11-22', 'ЧИКУНОВА МАРИНА ИВАНОВНА', '9506597183', 'Дизайнер'),
(436, '1959-09-20', 'НАБИЕВА ЛЯЙЛЯ СУЛЕЙМАНОВНА', '9373463220', 'Дизайнер'),
(437, '1958-03-18', 'КИМ ВЕНИАМИН АЛЕКСЕЕВИЧ', '9044520712', 'Дизайнер'),
(438, '1993-03-09', 'ШИРЯЕВ ДЕНИС ЮРЬЕВИЧ', '9195904202', 'Дизайнер'),
(439, '1955-04-08', 'КАТАШОВА ЛАРИСА ПЕТРОВНА', '9177421264', 'Дизайнер'),
(440, '1956-09-20', 'ТИТОВ ВАЛЕРИЙ АЛЕКСЕЕВИЧ', '9222149509', 'Дизайнер'),
(441, '1977-10-01', 'ПАТРУШЕВА ОКСАНА ВЛАДИМИРОВНА', '9122197206', 'Дизайнер'),
(442, '1979-03-12', 'АЙМУХАМЕТОВА НАДЕЖДА ВИКТОРОВНА', '9087069426', 'Дизайнер'),
(443, '1968-12-18', 'ШУМИЛО ЛИЛИЯ НИКОЛАЕВНА', '9825385107', 'Дизайнер'),
(444, '1986-07-30', 'ПАВЛУХИНА АЛЁНА ВЛАДИМИРОВНА', '9129246016', 'Дизайнер'),
(445, '1975-09-30', 'ШАЙХИЕВ ИЛЬДАР ФАИТОВИЧ', '9899599454', 'Дизайнер'),
(446, '1995-03-20', 'КИРИЛЛОВ КИРИЛЛ АЛЕКСАНДРОВИЧ', '9378381950', 'Дизайнер'),
(447, '1959-01-01', 'ВОРОНИНА АНТОНИНА АЛЕКСЕЕВНА', '9174186481', 'Дизайнер'),
(448, '1965-05-04', 'ФАЗЛЫЕВ ИЛГИЗ ВАХИТОВИЧ', '9610506366', 'Дизайнер'),
(449, '1957-03-06', 'КОСТЫЛЕВ СЕРГЕЙ ИВАНОВИЧ', '9049491465', 'Дизайнер'),
(450, '1959-10-29', 'ХАЗИУЛЛИНА ЗАНФИРА ФАРСОВНА', '9871419028', 'Дизайнер'),
(451, '1962-02-12', 'САММАТОВ МАРАТ РАБАРТДИНОВИЧ', '9507398425', 'Дизайнер'),
(452, '1991-04-23', 'ТОЛОКНОВА ГАЛИНА ВЛАДИМИРОВНА', '9041662901', 'Дизайнер'),
(453, '1992-09-15', 'БАТРАКОВА АННА СЕРГЕЕВНА', '9221071306', 'Дизайнер'),
(454, '1962-11-22', 'КОЛОСОВ ЮРИЙ ЕВГЕНЬЕВИЧ', '9533863497', 'Дизайнер'),
(455, '1971-05-10', 'АСТАНОВА ЗИЛЬДА ГАЛИЕВНА', '9632374128', 'Дизайнер'),
(456, '1973-05-25', 'ОСИНЦЕВА ЕЛЕНА МИХАЙЛОВНА', '9022736786', 'Дизайнер'),
(457, '1973-01-15', 'ЗАСЫПКИНА ОЛЬГА ВЛАДИМИРОВНА', '+7 (904) 5447581', 'Дизайнер'),
(458, '1956-01-01', 'ГОРЯЧЕВА ГАЛИНА ДИОНИСОВНА', '9080608505', 'Дизайнер'),
(459, '1983-10-12', 'НИКОЛАЕВ АЛЕКСЕЙ ВЛАДИМИРОВИЧ', '9030903713', 'Дизайнер'),
(460, '1962-01-26', 'СУМКИНА ИРИНА РАШИТОВНА', '9045438980', 'Дизайнер'),
(461, '1955-11-15', 'ТЕФФЕНБЕРГ ПЕТР ВАДИМОВИЧ', '9058570671', 'Дизайнер'),
(462, '1986-10-23', 'ПАВЛЕНКО ЕВГЕНИЙ ВАСИЛЬЕВИЧ', '9199290545', 'Дизайнер'),
(463, '1961-07-01', 'КАНЮКОВА ЛЮБОВЬ АЛЕКСАНДРОВНА', '9043832200', 'Дизайнер'),
(464, '1992-10-12', 'КИРИЛЛОВ РОМАН ОЛЕГОВИЧ', '9022795385', 'Дизайнер'),
(465, '1982-04-29', 'ПОПОВ ИВАН НИКОЛАЕВИЧ', '9678522522', 'Дизайнер'),
(466, '1967-08-20', 'ИСИНЬКИНА СВЕТЛАНА МИХАЙЛОВНА', '9123048742', 'Дизайнер'),
(467, '1995-04-13', 'ГАТАУЛЛИНА АЛИЯ ФИРГАТОВНА', '9174193037', 'Дизайнер'),
(468, '1989-03-14', 'ЕРЁМИНА ОЛЬГА ВИКТОРОВНА', '9049782763', 'Дизайнер'),
(469, '1982-01-06', 'ГЛУХИХ НАТАЛЬЯ НИКОЛАЕВНА', '9088327500', 'Дизайнер'),
(470, '1991-02-15', 'ИВАНЧЕНКО НАДЕЖДА ВАДИМОВНА', '9090852728', 'Дизайнер'),
(471, '1973-10-19', 'СВЕТЛАКОВА ОКСАНА АЛЕКСАНДРОВНА', '9173771144', 'Дизайнер'),
(472, '1982-12-08', 'АЛЕКСАНДРОВА ВЕРОНИКА ВАЛЕРЬЕВНА', '9374945747', 'Дизайнер'),
(473, '1957-10-24', 'ГРАК ЕКАТЕРИНА ЮРЬЕВНА', '9089225165', 'Дизайнер'),
(474, '1973-09-05', 'ВЕРЕТА ВАЛЕРИЙ НИКОЛАЕВИЧ', '9505297340', 'Дизайнер'),
(475, '1956-07-01', 'НЕСТЕРОВА ИРИНА НИКОЛАЕВНА', '9041638940', 'Дизайнер'),
(476, '1990-01-28', 'АРЖЕВИТИН ПАВЕЛ ВИКТОРОВИЧ', '9000722754', 'Дизайнер'),
(477, '1967-03-27', 'МИРОНЕНКО ЕЛЕНА ЮРЬЕВНА', '9091481293', 'Дизайнер'),
(478, '1996-04-10', 'ДЕШИН ИЛЬЯ АЛЕКСЕЕВИЧ', '9177478711', 'Дизайнер'),
(479, '1985-01-14', 'ЧЕБУКОВ ЮРИЙ СЕРГЕЕВИЧ', '9080528401', 'Дизайнер'),
(480, '1971-01-05', 'ДМИТРИЕВА ЕЛЕНА ВЛАДИМИРОВНА', '9193187735', 'Дизайнер'),
(481, '1980-11-05', 'ТИГАНОВА ОЛЬГА АЛЕКСАНДРОВНА', '9122465988', 'Дизайнер'),
(482, '1987-12-06', 'КАРЦЕВА ЕВГЕНИЯ МИХАЙЛОВНА', '9874911698', 'Дизайнер'),
(483, '1988-05-02', 'ТОЛОКНОВА НАТАЛЬЯ ВАЛЕРЬЕВНА', '9090232341', 'Дизайнер'),
(484, '1976-04-09', 'ШАКИРОВ ОЛЕГ ДАНИЛОВИЧ', '9122430265', 'Дизайнер'),
(485, '1984-01-24', 'ГАФАРОВА ТАТЬЯНА АЛЕКСАНДРОВНА', '9507441687', 'Дизайнер'),
(486, '1994-11-09', 'ЗВЕРЕВ КИРИЛЛ ЮРЬЕВИЧ', '9826414438', 'Дизайнер'),
(487, '1991-12-07', 'РАЙЛЕ ПАВЕЛ РОБЕРТОВИЧ', '9273580345', 'Дизайнер'),
(488, '1973-07-03', 'СМИРНОВА РОЗА ВИКТОРОВНА', '9122266417', 'Дизайнер'),
(489, '1969-05-01', 'НИЗАМОВ РАИЛ ЮЛАМАНОВИЧ', '9177406783', 'Дизайнер'),
(490, '1966-01-11', 'ПЕРМИНОВ ВАДИМ АНАТОЛЬЕВИЧ', '9089073085', 'Дизайнер'),
(491, '1976-03-18', 'АМИНЕВА ГУЛЬНАРА АХАТОВНА', '+7 (999) 1302052', 'Дизайнер'),
(492, '1963-03-26', 'ШАЛИМОВА СВЕТЛАНА ВЛАДИМИРОВНА', '9129704603', 'Дизайнер'),
(493, '1977-03-07', 'ШАБАЛИН СЕРГЕЙ ВИКТОРОВИЧ', '9045488754', 'Дизайнер'),
(494, '1972-12-22', 'ЕВСТРАТОВ ВАСИЛИЙ МИХАЙЛОВИЧ', '9506450834', 'Дизайнер'),
(495, '1960-05-26', 'БИРЮКОВ АЛЕКСАНДР ХРИСТОФОРОВИЧ', '9630334847', 'Дизайнер'),
(496, '1969-01-25', 'КАРАКУЛОВ ПАВЕЛ ЮРЬЕВИЧ', '9221664697', 'Дизайнер'),
(497, '1979-06-18', 'ТЕПЛЯКОВ АЛЕКСАНДР ПЕТРОВИЧ', '9530429914', 'Дизайнер'),
(498, '1976-07-26', 'ДВОРЦОВА ГАЛИНА ЮРЬЕВНА', '9191255657', 'Дизайнер'),
(499, '1973-11-05', 'НИКОЛАЕНКО ОЛЕСЯ ВИКТОРОВНА', '9120419733', 'Дизайнер'),
(500, '1967-12-12', 'КОЧОРОВА ДИНАРА САМАРБЕКОВНА', '9698047751', 'Дизайнер'),
(501, '1981-11-19', 'ЗАБОРЦЕВА НАТАЛЬЯ МИХАЙЛОВНА', '9049899495', 'Дизайнер'),
(502, '1958-05-19', 'САНИНА НАТАЛЬЯ ПЕТРОВНА', '9048157590', 'Дизайнер'),
(503, '1970-12-31', 'ВЕБЕР ГАЛИНА ВАСИЛЬЕВНА', '9126973526', 'Дизайнер'),
(504, '1966-05-14', 'ДОБЫШ ЕЛЕНА АЛЕКСАНДРОВНА', '9129347228', 'Дизайнер'),
(505, '1961-06-08', 'МИХЕЕВА ЮЛИЯ ИВАНОВНА', '9129353300', 'Дизайнер'),
(506, '1964-11-24', 'СУЛЕЙМАНОВ ФЛАРИТ ЯМИЛОВИЧ', '9048815431', 'Дизайнер'),
(507, '1985-04-09', 'ГЛАДКИХ ЛЮБОВЬ ЮРЬЕВНА', '9003899691', 'Дизайнер');

-- --------------------------------------------------------

--
-- Структура таблицы `projects`
--

CREATE TABLE `projects` (
  `id` int(10) UNSIGNED NOT NULL,
  `is_by_order` tinyint(1) NOT NULL,
  `name` varchar(45) NOT NULL,
  `planned_release_date` date NOT NULL,
  `real_release_date` date DEFAULT NULL,
  `version` varchar(20) NOT NULL,
  `orders_id` int(10) UNSIGNED DEFAULT NULL,
  `categories_id` int(10) UNSIGNED NOT NULL
) ENGINE=InnoDB DEFAULT CHARSET=utf8;

--
-- Дамп данных таблицы `projects`
--

INSERT INTO `projects` (`id`, `is_by_order`, `name`, `planned_release_date`, `real_release_date`, `version`, `orders_id`, `categories_id`) VALUES
(1, 0, 'Озон', '2021-10-10', '2020-11-19', '1.0', NULL, 2),
(2, 0, 'autodoc', '2018-07-11', '2019-02-14', '2.0', NULL, 2),
(3, 1, 'Skype', '2016-12-15', '2016-01-15', '2.2', 5, 7),
(4, 1, 'Office Word 367', '2022-12-17', NULL, '367.1', 6, 9),
(5, 1, 'Chrome', '2015-02-02', '2016-01-01', '3.5.12', 7, 7),
(6, 1, 'auto.ru', '2016-01-20', '2016-01-20', '1.0', 8, 11),
(7, 1, 'YandexDisc', '2020-08-11', '2020-09-11', '1.0', 9, 1),
(8, 0, 'GIMP', '2020-01-01', '2020-01-01', '2.10.14', NULL, 7),
(9, 1, 'Paint 3D', '2016-02-03', '2020-12-01', '1.5', 10, 7),
(10, 0, 'uTorrent Web', '2018-03-05', NULL, '1.0', NULL, 7),
(11, 1, 'VK me', '2022-02-22', NULL, '1.1', 11, 5);

-- --------------------------------------------------------

--
-- Структура таблицы `tasks`
--

CREATE TABLE `tasks` (
  `id` int(10) UNSIGNED NOT NULL,
  `plan_finish_date` date NOT NULL,
  `real_finish_date` date DEFAULT NULL,
  `name` varchar(45) DEFAULT NULL,
  `description` text NOT NULL,
  `project_id` int(10) UNSIGNED NOT NULL
) ENGINE=InnoDB DEFAULT CHARSET=utf8;

--
-- Дамп данных таблицы `tasks`
--

INSERT INTO `tasks` (`id`, `plan_finish_date`, `real_finish_date`, `name`, `description`, `project_id`) VALUES
(1, '2021-05-15', '2020-11-19', 'Верстка', '', 1),
(2, '2018-10-19', '2019-01-24', 'Верстка', '', 1),
(3, '2016-01-01', '2016-01-01', 'Верстка', '', 6),
(4, '2016-01-30', '2016-01-29', 'Интерфейс', '', 3),
(5, '2020-05-20', '2020-05-19', 'Верстка', '', 7),
(6, '2020-10-01', NULL, 'Интерфейс', '', 8),
(7, '2020-11-01', NULL, 'Работа с файловой системой', 'Работа временно приостановлена | ', 10),
(8, '2020-07-10', '2020-11-20', 'Интерфейс', 'Работа временно приостановлена | ', 10),
(9, '2021-01-22', NULL, 'Дизайн интерфейса', '', 11),
(10, '2021-05-15', '2020-11-19', 'Верстка', '', 1),
(11, '2018-10-19', '2019-01-24', 'Верстка', '', 1),
(12, '2016-01-01', '2016-01-01', 'Верстка', '', 6),
(13, '2016-01-30', '2016-01-29', 'Интерфейс', '', 3),
(14, '2020-05-20', '2020-05-19', 'Верстка', '', 7),
(15, '2020-10-01', NULL, 'Интерфейс', '', 8),
(16, '2020-11-01', NULL, 'Работа с файловой системой', 'Работа временно приостановлена | ', 10),
(17, '2020-07-10', '2020-11-20', 'Интерфейс', 'Работа временно приостановлена | ', 10),
(18, '2021-01-22', NULL, 'Дизайн интерфейса', '', 11),
(19, '2021-05-15', '2020-11-19', 'Верстка', '', 1),
(20, '2018-10-19', '2019-01-24', 'Верстка', '', 1),
(21, '2016-01-01', '2016-01-01', 'Верстка', '', 6),
(22, '2016-01-30', '2016-01-29', 'Интерфейс', '', 3),
(23, '2020-05-20', '2020-05-19', 'Верстка', '', 7),
(24, '2020-10-01', NULL, 'Интерфейс', '', 8),
(25, '2020-11-01', NULL, 'Работа с файловой системой', 'Работа временно приостановлена | ', 10),
(26, '2020-07-10', '2020-11-20', 'Интерфейс', 'Работа временно приостановлена | ', 10),
(27, '2021-01-22', NULL, 'Дизайн интерфейса', '', 11),
(28, '2021-05-15', '2020-11-19', 'Верстка', '', 1),
(29, '2018-10-19', '2019-01-24', 'Верстка', '', 1),
(30, '2016-01-01', '2016-01-01', 'Верстка', '', 6),
(31, '2016-01-30', '2016-01-29', 'Интерфейс', '', 3),
(32, '2020-05-20', '2020-05-19', 'Верстка', '', 7),
(33, '2020-10-01', NULL, 'Интерфейс', '', 8),
(34, '2020-11-01', NULL, 'Работа с файловой системой', 'Работа временно приостановлена | ', 10),
(35, '2020-07-10', '2020-11-20', 'Интерфейс', 'Работа временно приостановлена | ', 10),
(36, '2021-01-22', NULL, 'Дизайн интерфейса', '', 11),
(37, '2021-05-15', '2020-11-19', 'Верстка', '', 1),
(38, '2018-10-19', '2019-01-24', 'Верстка', '', 1),
(39, '2016-01-01', '2016-01-01', 'Верстка', '', 6),
(40, '2016-01-30', '2016-01-29', 'Интерфейс', '', 3),
(41, '2020-05-20', '2020-05-19', 'Верстка', '', 7),
(42, '2020-10-01', NULL, 'Интерфейс', '', 8),
(43, '2020-11-01', NULL, 'Работа с файловой системой', 'Работа временно приостановлена | ', 10),
(44, '2020-07-10', '2020-11-20', 'Интерфейс', 'Работа временно приостановлена | ', 10),
(45, '2021-01-22', NULL, 'Дизайн интерфейса', '', 11),
(46, '2021-05-15', '2020-11-19', 'Верстка', '', 1),
(47, '2018-10-19', '2019-01-24', 'Верстка', '', 1),
(48, '2016-01-01', '2016-01-01', 'Верстка', '', 6),
(49, '2016-01-30', '2016-01-29', 'Интерфейс', '', 3),
(50, '2020-05-20', '2020-05-19', 'Верстка', '', 7),
(51, '2020-10-01', NULL, 'Интерфейс', '', 8),
(52, '2020-11-01', NULL, 'Работа с файловой системой', 'Работа временно приостановлена | ', 10),
(53, '2020-07-10', '2020-11-20', 'Интерфейс', 'Работа временно приостановлена | ', 10),
(54, '2021-01-22', NULL, 'Дизайн интерфейса', '', 11),
(55, '2021-05-15', '2020-11-19', 'Верстка', '', 1),
(56, '2018-10-19', '2019-01-24', 'Верстка', '', 1),
(57, '2016-01-01', '2016-01-01', 'Верстка', '', 6),
(58, '2016-01-30', '2016-01-29', 'Интерфейс', '', 3),
(59, '2020-05-20', '2020-05-19', 'Верстка', '', 7),
(60, '2020-10-01', NULL, 'Интерфейс', '', 8),
(61, '2020-11-01', NULL, 'Работа с файловой системой', 'Работа временно приостановлена | ', 10),
(62, '2021-05-15', '2020-11-19', 'Верстка', '', 1),
(63, '2018-10-19', '2019-01-24', 'Верстка', '', 1),
(64, '2016-01-01', '2016-01-01', 'Верстка', '', 6),
(65, '2016-01-30', '2016-01-29', 'Интерфейс', '', 3),
(66, '2020-05-20', '2020-05-19', 'Верстка', '', 7),
(67, '2020-10-01', NULL, 'Интерфейс', '', 8),
(68, '2020-11-01', NULL, 'Работа с файловой системой', 'Работа временно приостановлена | ', 10),
(69, '2020-07-10', '2020-11-20', 'Интерфейс', 'Работа временно приостановлена | ', 10),
(70, '2021-01-22', NULL, 'Дизайн интерфейса', '', 11),
(71, '2021-05-15', '2020-11-19', 'Верстка', '', 1),
(72, '2018-10-19', '2019-01-24', 'Верстка', '', 1),
(73, '2016-01-01', '2016-01-01', 'Верстка', '', 6),
(74, '2016-01-30', '2016-01-29', 'Интерфейс', '', 3),
(75, '2020-05-20', '2020-05-19', 'Верстка', '', 7),
(76, '2020-10-01', NULL, 'Интерфейс', '', 8),
(77, '2020-11-01', NULL, 'Работа с файловой системой', 'Работа временно приостановлена | ', 10),
(78, '2020-07-10', '2020-11-20', 'Интерфейс', 'Работа временно приостановлена | ', 10),
(79, '2021-01-22', NULL, 'Дизайн интерфейса', '', 11),
(80, '2021-05-15', '2020-11-19', 'Верстка', '', 1),
(81, '2018-10-19', '2019-01-24', 'Верстка', '', 1),
(82, '2016-01-01', '2016-01-01', 'Верстка', '', 6),
(83, '2016-01-30', '2016-01-29', 'Интерфейс', '', 3),
(84, '2020-05-20', '2020-05-19', 'Верстка', '', 7),
(85, '2020-10-01', NULL, 'Интерфейс', '', 8),
(86, '2020-11-01', NULL, 'Работа с файловой системой', 'Работа временно приостановлена | ', 10);

--
-- Индексы сохранённых таблиц
--

--
-- Индексы таблицы `acts_of_completion`
--
ALTER TABLE `acts_of_completion`
  ADD PRIMARY KEY (`id`);

--
-- Индексы таблицы `categories`
--
ALTER TABLE `categories`
  ADD PRIMARY KEY (`id`),
  ADD KEY `fk_category_category1_idx` (`parent_id`);

--
-- Индексы таблицы `customers`
--
ALTER TABLE `customers`
  ADD PRIMARY KEY (`id`);

--
-- Индексы таблицы `external_financing`
--
ALTER TABLE `external_financing`
  ADD PRIMARY KEY (`id`),
  ADD KEY `fk_external_financing_project_idx` (`project_id`),
  ADD KEY `fk_external_financing_investor1_idx` (`investor_id`);

--
-- Индексы таблицы `investors`
--
ALTER TABLE `investors`
  ADD PRIMARY KEY (`id`);

--
-- Индексы таблицы `orders`
--
ALTER TABLE `orders`
  ADD PRIMARY KEY (`id`),
  ADD KEY `fk_orders_acts_of_completion1_idx` (`acts_of_completion_id`),
  ADD KEY `fk_orders_customers1_idx` (`customers_id`),
  ADD KEY `sum_i` (`sum`);

--
-- Индексы таблицы `parts_of_tasks`
--
ALTER TABLE `parts_of_tasks`
  ADD PRIMARY KEY (`id`),
  ADD KEY `fk_parts_of_tasks_tasks1_idx` (`tasks_id`),
  ADD KEY `fk_parts_of_tasks_programmers1_idx` (`programmers_id`);

--
-- Индексы таблицы `programmers`
--
ALTER TABLE `programmers`
  ADD PRIMARY KEY (`id`) USING BTREE;

--
-- Индексы таблицы `projects`
--
ALTER TABLE `projects`
  ADD PRIMARY KEY (`id`),
  ADD KEY `fk_projects_orders1_idx` (`orders_id`),
  ADD KEY `fk_projects_categories1_idx` (`categories_id`);

--
-- Индексы таблицы `tasks`
--
ALTER TABLE `tasks`
  ADD PRIMARY KEY (`id`),
  ADD KEY `fk_id_projects_id` (`project_id`);

--
-- AUTO_INCREMENT для сохранённых таблиц
--

--
-- AUTO_INCREMENT для таблицы `acts_of_completion`
--
ALTER TABLE `acts_of_completion`
  MODIFY `id` int(10) UNSIGNED NOT NULL AUTO_INCREMENT, AUTO_INCREMENT=34;

--
-- AUTO_INCREMENT для таблицы `categories`
--
ALTER TABLE `categories`
  MODIFY `id` int(10) UNSIGNED NOT NULL AUTO_INCREMENT, AUTO_INCREMENT=23;

--
-- AUTO_INCREMENT для таблицы `customers`
--
ALTER TABLE `customers`
  MODIFY `id` int(10) UNSIGNED NOT NULL AUTO_INCREMENT, AUTO_INCREMENT=761;

--
-- AUTO_INCREMENT для таблицы `external_financing`
--
ALTER TABLE `external_financing`
  MODIFY `id` int(10) UNSIGNED NOT NULL AUTO_INCREMENT, AUTO_INCREMENT=35;

--
-- AUTO_INCREMENT для таблицы `investors`
--
ALTER TABLE `investors`
  MODIFY `id` int(10) UNSIGNED NOT NULL AUTO_INCREMENT, AUTO_INCREMENT=139;

--
-- AUTO_INCREMENT для таблицы `orders`
--
ALTER TABLE `orders`
  MODIFY `id` int(10) UNSIGNED NOT NULL AUTO_INCREMENT, AUTO_INCREMENT=158;

--
-- AUTO_INCREMENT для таблицы `parts_of_tasks`
--
ALTER TABLE `parts_of_tasks`
  MODIFY `id` int(10) UNSIGNED NOT NULL AUTO_INCREMENT, AUTO_INCREMENT=11;

--
-- AUTO_INCREMENT для таблицы `programmers`
--
ALTER TABLE `programmers`
  MODIFY `id` int(10) UNSIGNED NOT NULL AUTO_INCREMENT, AUTO_INCREMENT=509;

--
-- AUTO_INCREMENT для таблицы `projects`
--
ALTER TABLE `projects`
  MODIFY `id` int(10) UNSIGNED NOT NULL AUTO_INCREMENT, AUTO_INCREMENT=12;

--
-- AUTO_INCREMENT для таблицы `tasks`
--
ALTER TABLE `tasks`
  MODIFY `id` int(10) UNSIGNED NOT NULL AUTO_INCREMENT, AUTO_INCREMENT=87;

--
-- Ограничения внешнего ключа сохраненных таблиц
--

--
-- Ограничения внешнего ключа таблицы `categories`
--
ALTER TABLE `categories`
  ADD CONSTRAINT `fk_category_category1_idx` FOREIGN KEY (`parent_id`) REFERENCES `categories` (`id`) ON DELETE CASCADE ON UPDATE NO ACTION;

--
-- Ограничения внешнего ключа таблицы `external_financing`
--
ALTER TABLE `external_financing`
  ADD CONSTRAINT `fk_external_financing_investor` FOREIGN KEY (`investor_id`) REFERENCES `investors` (`id`) ON DELETE NO ACTION ON UPDATE NO ACTION,
  ADD CONSTRAINT `fk_external_financing_project` FOREIGN KEY (`project_id`) REFERENCES `projects` (`id`) ON DELETE NO ACTION ON UPDATE NO ACTION;

--
-- Ограничения внешнего ключа таблицы `orders`
--
ALTER TABLE `orders`
  ADD CONSTRAINT `fk_orders_acts_of_completion1` FOREIGN KEY (`acts_of_completion_id`) REFERENCES `acts_of_completion` (`id`) ON DELETE NO ACTION ON UPDATE NO ACTION,
  ADD CONSTRAINT `fk_orders_customers1` FOREIGN KEY (`customers_id`) REFERENCES `customers` (`id`) ON DELETE NO ACTION ON UPDATE NO ACTION;

--
-- Ограничения внешнего ключа таблицы `parts_of_tasks`
--
ALTER TABLE `parts_of_tasks`
  ADD CONSTRAINT `fk_parts_of_tasks_programmers1` FOREIGN KEY (`programmers_id`) REFERENCES `programmers` (`id`) ON DELETE NO ACTION ON UPDATE NO ACTION,
  ADD CONSTRAINT `fk_parts_of_tasks_tasks1` FOREIGN KEY (`tasks_id`) REFERENCES `tasks` (`id`) ON DELETE NO ACTION ON UPDATE NO ACTION;

--
-- Ограничения внешнего ключа таблицы `projects`
--
ALTER TABLE `projects`
  ADD CONSTRAINT `fk_projects_categories1` FOREIGN KEY (`categories_id`) REFERENCES `categories` (`id`) ON DELETE NO ACTION ON UPDATE NO ACTION,
  ADD CONSTRAINT `fk_projects_orders1` FOREIGN KEY (`orders_id`) REFERENCES `orders` (`id`) ON DELETE NO ACTION ON UPDATE NO ACTION;

--
-- Ограничения внешнего ключа таблицы `tasks`
--
ALTER TABLE `tasks`
  ADD CONSTRAINT `fk_id_projects_id` FOREIGN KEY (`project_id`) REFERENCES `projects` (`id`) ON DELETE NO ACTION ON UPDATE NO ACTION;
COMMIT;

/*!40101 SET CHARACTER_SET_CLIENT=@OLD_CHARACTER_SET_CLIENT */;
/*!40101 SET CHARACTER_SET_RESULTS=@OLD_CHARACTER_SET_RESULTS */;
/*!40101 SET COLLATION_CONNECTION=@OLD_COLLATION_CONNECTION */;
